AcresBurned,Counties,Fatalities,Injuries,Latitude,Longitude,Started,Precipitation30,Precipitation60,Precipitation90,Humidity,Temperature
257314.0,Tuolumne,0.0,0.0,37.857,-120.086,2013-08-17T15:25:00Z,0.0,0.0001666666666666,0.0013333333333333,39.0,79.8
30274.0,Los Angeles,0.0,0.0,34.585595,-118.423176,2013-05-30T15:28:00Z,0.0093333333333333,0.0046666666666666,0.0105555555555555,39.0,72.8
27531.0,Riverside,0.0,0.0,33.7095,-116.72885,2013-07-15T13:43:00Z,0.0,0.0,0.0,23.0,94.0
20292.0,Riverside,0.0,26.0,33.86157,-116.90427,2013-08-07T14:05:00Z,0.0053333333333333,0.0091666666666666,0.0104444444444444,39.0,72.4
11429.0,Tehama,0.0,5.0,40.04263,-121.85397,2013-08-23T14:15:00Z,0.0003333333333333,0.0083333333333333,0.0067777777777777,58.0,72.5
8073.0,Shasta,0.0,6.0,40.498332,-122.535496,2013-09-09T12:32:00Z,0.0,0.0,0.025,25.0,83.9
6965.0,Tehama,0.0,6.0,40.190062,-121.595555,2013-05-01T09:12:00Z,0.011,0.0181666666666666,0.0137777777777777,15.0,76.0
4346.0,Kern,0.0,4.0,34.7861,-118.9411,2013-05-15T12:50:00Z,0.0146666666666666,0.012,0.0233333333333333,39.0,75.5
4346.0,Ventura,0.0,4.0,34.7861,-118.9411,2013-05-15T12:50:00Z,0.014666666666666665,0.012,0.02333333333333333,39.0,75.5
3505.0,Sonoma,0.0,6.0,38.8167,-122.8498,2013-11-22T02:04:00Z,0.034,0.017,0.011333333333333334,17.0,57.6
3166.0,Riverside,0.0,2.0,34.288877,-116.941311,2013-05-01T12:38:00Z,0.001,0.008166666666666666,0.018333333333333337,23.0,46.4
3111.0,Contra Costa,0.0,0.0,37.90757,-121.882582,2013-09-08T13:08:00Z,0.0,0.0,0.0,52.0,71.9
2462.0,Butte,0.0,5.0,39.446268,-121.38236,2013-08-16T16:37:00Z,0.0003333333333333333,0.010166666666666668,0.007222222222222224,36.0,81.0
1708.0,Mariposa,0.0,1.0,37.58202,-119.91071,2013-06-16T14:12:00Z,0.0036666666666666666,0.0021666666666666666,0.012222222222222223,38.0,73.6
1383.0,Riverside,0.0,0.0,33.62236,-117.40288,2013-08-05T10:10:00Z,0.0003333333333333333,0.0005,0.0011111111111111111,70.0,66.6
712.0,Kern,0.0,5.0,34.882,-118.9194,2013-07-19T12:00:00Z,0.0013333333333333333,0.0033333333333333335,0.007111111111111112,33.0,82.8
712.0,Los Angeles,0.0,0.0,34.49149,-118.610044,2013-05-17T13:23:00Z,0.009333333333333334,0.004666666666666667,0.012444444444444445,64.0,61.9
612.0,Kern,0.0,0.0,34.90327,-118.93388,2013-07-23T09:15:00Z,0.0,0.0026666666666666666,0.007111111111111112,40.0,85.1
534.0,San Bernardino,0.0,0.0,34.071556,-117.048397,2013-06-28T14:30:00Z,0.008666666666666665,0.021500000000000002,0.015000000000000001,36.0,84.6
510.0,Riverside,0.0,0.0,33.894055,-116.855019,2013-05-04T11:43:00Z,0.004666666666666666,0.0175,0.017444444444444446,30.0,66.0
502.0,Modoc,0.0,0.0,41.2415,-121.035,2013-07-03T22:56:00Z,0.021000000000000005,0.026500000000000003,0.02788888888888889,55.0,76.7
492.0,Contra Costa,0.0,0.0,37.96866,-121.91453,2013-07-01T13:19:00Z,0.0,0.0,0.0054444444444444445,37.0,86.8
482.0,Madera,0.0,0.0,37.015575,-119.78106,2013-06-16T18:17:00Z,0.0,0.0011666666666666668,0.006222222222222223,34.0,75.2
406.0,Inyo,0.0,2.0,36.602575,-118.01651,2013-02-24T08:16:00Z,0.004333333333333333,0.005166666666666667,0.003777777777777778,29.0,41.0
376.0,Napa,0.0,0.0,38.628,-122.289,2013-10-03T20:33:00Z,0.0,0.0,0.0,32.0,61.9
354.0,San Benito,0.0,0.0,37.160346,-120.937494,2013-05-03T11:42:00Z,0.0,0.0005,0.0032222222222222227,29.0,71.1
305.0,Butte,0.0,0.0,39.439,-121.497,2013-10-04T17:37:00Z,0.018000000000000002,0.009333333333333334,0.006333333333333334,18.0,71.2
303.0,San Joaquin,0.0,0.0,38.04993,-120.90325,2013-05-30T11:20:00Z,0.0,0.0165,0.013888888888888892,48.0,66.6
298.0,Butte,0.0,0.0,39.434183,-121.576804,2013-06-03T13:49:00Z,0.009000000000000001,0.013666666666666666,0.047111111111111104,52.0,77.7
274.0,Contra Costa,0.0,0.0,39.90465,-121.74367,2013-07-01T15:41:00Z,0.02,0.014499999999999997,0.015777777777777776,46.0,82.5
274.0,Madera,0.0,0.0,37.116295,-119.635004,2013-04-30T12:59:00Z,0.015666666666666666,0.013833333333333335,0.015666666666666666,34.0,71.7
240.0,Alameda,0.0,0.0,37.775057,-121.737213,2013-06-08T10:16:00Z,0.0,0.0,0.00977777777777778,43.0,84.1
237.0,Placer,0.0,0.0,38.729297,-121.380862,2013-06-13T11:28:00Z,0.0,0.0006666666666666666,0.003777777777777778,37.0,69.7
217.0,Glenn,0.0,0.0,39.514139,-122.560862,2013-05-01T19:00:00Z,,,,,
200.0,Tehama,0.0,0.0,40.012398,-122.079871,2013-07-04T07:30:00Z,,,,,
196.0,Shasta,0.0,0.0,40.5445,-121.3754,2013-08-19T17:48:00Z,,,,,
195.0,Tehama,0.0,0.0,39.961309,-122.330879,2013-07-19T13:32:00Z,,,,,
190.0,Napa,0.0,0.0,38.382,-122.311,2013-11-21T21:39:00Z,,,,,
170.0,Santa Barbara,0.0,0.0,34.611824,-120.074655,2013-05-28T15:24:00Z,,,,,
163.0,Yolo,0.0,0.0,38.67479,-122.08725,2013-11-04T11:41:00Z,,,,,
163.0,El Dorado,0.0,0.0,38.63987,-121.08438,2013-07-19T14:12:00Z,,,,,
163.0,Sacramento,0.0,0.0,38.63987,-121.08438,2013-07-19T14:12:00Z,,,,,
159.0,Sonoma,0.0,0.0,38.34599,-122.6503,2013-10-04T12:25:00Z,,,,,
158.0,Sonoma,0.0,0.0,38.17693,-122.51253,2013-07-26T13:45:00Z,,,,,
150.0,Riverside,0.0,0.0,33.990128,-117.164997,2013-07-16T17:48:00Z,,,,,
150.0,Stanislaus,0.0,0.0,37.436,-121.1955,2013-07-12T15:35:00Z,,,,,
150.0,Fresno,0.0,0.0,36.7218,-119.2248,2013-06-25T13:36:00Z,,,,,
149.0,Los Angeles,0.0,0.0,34.419284,-118.58688,2013-05-28T11:30:00Z,,,,,
125.0,Sonoma,0.0,0.0,38.638828,-122.655616,2013-05-01T02:01:00Z,,,,,
124.0,Solano,0.0,0.0,38.08744,-122.13802,2013-06-18T15:18:00Z,,,,,
124.0,Merced,0.0,0.0,37.03776,-121.006939,2013-06-04T15:42:00Z,,,,,
124.0,Riverside,0.0,0.0,33.963591,-117.187934,2013-05-25T14:59:00Z,,,,,
120.0,Lake,0.0,0.0,38.882214,-122.567525,2013-11-08T13:42:00Z,,,,,
116.0,El Dorado,0.0,0.0,38.682378,-120.839075,2013-08-16T13:55:00Z,,,,,
108.0,Fresno,0.0,0.0,36.772425,-119.628389,2013-06-13T11:54:00Z,,,,,
105.0,Monterey,0.0,0.0,36.1531,-120.8973,2013-06-29T14:09:00Z,,,,,
100.0,Tuolumne,0.0,0.0,37.91529,-120.33313,2013-06-02T13:30:00Z,,,,,
98.0,Mendocino,0.0,0.0,38.9252,-122.966,2013-09-28T13:57:00Z,,,,,
97.0,Lassen,0.0,0.0,40.88886,-120.958126,2013-08-09T15:51:00Z,,,,,
96.0,Amador,0.0,0.0,38.27783,-120.966016,2013-06-12T16:43:00Z,,,,,
94.0,San Luis Obispo,0.0,0.0,35.4393,-120.8358,2013-09-24T03:20:00Z,,,,,
92.0,Butte,0.0,2.0,39.6612,-121.50354,2013-08-01T16:01:00Z,,,,,
91.0,Madera,0.0,0.0,37.1927,-119.7917,2013-05-19T15:07:00Z,,,,,
90.0,Riverside,0.0,0.0,33.9582,-116.6534,2013-05-21T14:16:00Z,,,,,
85.0,San Luis Obispo,0.0,0.0,35.62743,-120.83417,2013-07-07T13:16:00Z,,,,,
82.0,Mendocino,0.0,0.0,39.0442,-123.1478,2013-11-22T10:06:00Z,,,,,
80.0,Butte,0.0,1.0,39.731878,-121.713938,2013-08-31T17:23:00Z,,,,,
75.0,San Bernardino,0.0,0.0,34.316,-117.352,2013-07-25T15:09:00Z,,,,,
75.0,Madera,0.0,0.0,37.169379,-119.75636,2013-06-12T16:40:00Z,,,,,
75.0,San Bernardino,0.0,1.0,34.1834,-117.4408,2013-05-13T13:30:00Z,,,,,
75.0,Napa,0.0,0.0,38.441792,-122.350844,2013-04-30T23:44:00Z,,,,,
73.0,San Bernardino,0.0,0.0,34.003151,-117.106075,2013-09-11T16:57:00Z,,,,,
73.0,Yuba,0.0,0.0,39.206,-121.31634,2013-07-08T09:59:00Z,,,,,
70.0,Lake,0.0,0.0,39.013682,-122.491894,2013-08-16T17:57:00Z,,,,,
64.0,Ventura,0.0,0.0,34.384,-119.13249,2013-11-14T11:05:00Z,,,,,
60.0,Riverside,0.0,0.0,33.91027,-116.99895,2013-08-04T16:29:00Z,,,,,
52.0,Nevada,0.0,0.0,39.333401,-121.107022,2013-08-31T14:42:00Z,,,,,
51.0,San Luis Obispo,0.0,0.0,35.457978,-120.751555,2013-11-08T10:30:00Z,,,,,
50.0,Lake,0.0,0.0,39.0448,-122.7656,2013-11-23T12:04:00Z,,,,,
50.0,Siskiyou,0.0,0.0,41.923323,-122.578393,2013-08-15T14:40:00Z,,,,,
50.0,Santa Clara,0.0,0.0,37.1438,-121.7804,2013-07-12T13:09:00Z,,,,,
50.0,Alameda,0.0,0.0,37.7393,-121.5869,2013-07-04T10:00:00Z,,,,,
50.0,San Luis Obispo,0.0,0.0,35.5123,-120.6368,2013-05-25T17:35:00Z,,,,,
46.0,Calaveras,0.0,2.0,38.06231,-120.45233,2013-08-17T10:11:00Z,,,,,
46.0,Fresno,0.0,0.0,37.03087,-119.463757,2013-06-17T14:41:00Z,,,,,
45.0,Mendocino,0.0,0.0,38.980846,-123.067671,2013-07-23T13:29:00Z,,,,,
43.0,Shasta,0.0,0.0,40.373,-122.7338,2013-07-09T11:59:00Z,,,,,
42.0,Riverside,0.0,0.0,33.96936,-117.1265,2013-06-08T15:37:00Z,,,,,
41.0,San Mateo,0.0,0.0,37.667295,-122.427285,2013-09-07T13:55:00Z,,,,,
40.0,Santa Clara,0.0,0.0,37.342186,-121.717706,2013-12-31T05:30:00Z,,,,,
40.0,Orange,0.0,0.0,33.7655,-117.6649,2013-10-06T10:52:00Z,,,,,
40.0,Riverside,0.0,0.0,33.570291,-116.10815,2013-08-16T13:31:00Z,,,,,
40.0,Riverside,0.0,0.0,33.9634,-117.2508,2013-07-19T16:21:00Z,,,,,
40.0,Riverside,0.0,0.0,34.001745,-117.302057,2013-06-14T13:47:00Z,,,,,
40.0,Riverside,0.0,0.0,33.655638,-116.161201,2013-05-16T13:48:00Z,,,,,
38.0,El Dorado,0.0,0.0,38.89555,-120.84716,2013-08-24T14:54:00Z,,,,,
38.0,Lake,0.0,0.0,39.1591,-122.5906,2013-08-07T12:35:00Z,,,,,
38.0,Alameda,0.0,0.0,37.74241,-121.86216,2013-07-06T13:09:00Z,,,,,
35.0,Fresno,0.0,0.0,36.763367,-119.558244,2013-06-13T15:54:00Z,,,,,
35.0,San Luis Obispo,0.0,0.0,35.49864,-120.91375,2013-05-20T15:45:00Z,,,,,
33.0,Shasta,0.0,0.0,40.483662,-122.140914,2013-11-07T16:10:00Z,,,,,
31.0,Calaveras,0.0,0.0,37.965364,-120.696362,2013-07-22T12:34:00Z,,,,,
30.0,Lake,0.0,0.0,38.9777,-122.683,2013-09-15T19:45:00Z,,,,,
30.0,Lake,0.0,0.0,38.99233,-122.703193,2013-06-05T16:05:00Z,,,,,
28.0,Sonoma,0.0,0.0,38.4229,-122.0437,2013-06-10T00:46:00Z,,,,,
28.0,Solano,0.0,0.0,38.4229,-122.0437,2013-06-10T00:46:00Z,,,,,
28.0,Lake,0.0,0.0,38.4229,-122.0437,2013-06-10T00:46:00Z,,,,,
28.0,Colusa,0.0,0.0,38.4229,-122.0437,2013-06-10T00:46:00Z,,,,,
27.0,Shasta,0.0,0.0,40.473356,-122.48259,2013-08-14T15:37:00Z,,,,,
25.0,Lake,0.0,0.0,38.98058,-122.81796,2013-06-20T14:29:00Z,,,,,
25.0,Riverside,0.0,0.0,33.96201,-116.907213,2013-05-20T13:47:00Z,,,,,
23.0,Lake,0.0,0.0,38.9289,-122.5818,2013-11-23T14:17:00Z,,,,,
15.0,Riverside,0.0,0.0,33.94528,-117.09306,2013-07-19T17:31:00Z,,,,,
97717.0,El Dorado,0.0,12.0,38.805437,-120.629714,2014-09-13T16:32:00Z,,,,,
39736.0,Shasta,0.0,0.0,40.901,-121.368,2014-07-30T20:15:00Z,,,,,
35302.0,Siskiyou,0.0,0.0,42.048,-122.345,2014-07-30T23:00:00Z,,,,,
32416.0,Shasta,0.0,11.0,40.72,-121.562,2014-07-31T18:04:00Z,,,,,
13153.0,Modoc,0.0,7.0,41.1336,-121.2144,2014-07-30T19:01:00Z,,,,,
12661.0,Shasta,0.0,21.0,40.4314,-122.750788,2014-07-11T15:37:00Z,,,,,
6488.0,Yolo,0.0,5.0,38.512,-122.104,2014-07-04T21:32:00Z,,,,,
5503.0,Siskiyou,0.0,0.0,41.682,-122.127,2014-07-31T17:45:00Z,,,,,
4300.0,Napa,0.0,4.0,38.664,-122.454,2014-07-01T12:08:00Z,,,,,
4300.0,Lake,0.0,4.0,38.664,-122.454,2014-07-01T12:08:00Z,,,,,
4240.0,Amador,0.0,2.0,38.5691,-120.7819,2014-07-25T16:34:00Z,,,,,
4240.0,El Dorado,0.0,2.0,38.5691,-120.7819,2014-07-25T16:34:00Z,,,,,
2143.0,San Bernardino,0.0,3.0,34.169346,-117.547374,2014-04-30T08:00:00Z,,,,,
1469.0,Modoc,0.0,0.0,41.489,-120.904,2014-07-03T15:46:00Z,,,,,
1375.0,Shasta,0.0,4.0,40.7101,-122.171,2014-09-10T00:30:00Z,,,,,
632.0,Santa Barbara,0.0,0.0,34.609,-120.454,2014-05-13T14:00:00Z,,,,,
612.0,Madera,0.0,3.0,37.3433,-119.6581,2014-08-18T13:50:00Z,,,,,
580.0,Trinity,0.0,2.0,40.7412,-122.946,2014-08-24T16:36:00Z,,,,,
516.0,Siskiyou,0.0,1.0,41.42384,-122.37432,2014-09-15T13:38:00Z,,,,,
487.0,Tuolumne,0.0,0.0,37.76617,-120.45087,2014-06-04T11:45:00Z,,,,,
400.0,Monterey,0.0,0.0,36.6313,-121.4819,2014-03-19T16:45:00Z,,,,,
333.0,Humboldt,0.0,0.0,40.884415,-123.773779,2014-01-04T12:00:00Z,,,,,
320.0,Madera,0.0,4.0,37.311915,-119.604124,2014-09-14T13:36:00Z,,,,,
269.0,Tuolumne,0.0,0.0,37.787,-120.452,2014-06-05T13:04:00Z,,,,,
247.0,Nevada,0.0,0.0,39.113682,-120.999508,2014-09-13T14:07:00Z,,,,,
225.0,Tehama,0.0,0.0,40.009827,-122.345078,2014-06-13T12:23:00Z,,,,,
175.0,Lake,0.0,0.0,39.1647,-122.5983,2014-05-25T12:20:00Z,,,,,
143.0,Shasta,0.0,0.0,40.6569,-122.2215,2014-07-09T13:45:00Z,,,,,
130.0,Mariposa,0.0,1.0,37.7103,-120.197,2014-06-10T15:11:00Z,,,,,
113.0,Inyo,0.0,0.0,37.399,-118.352,2014-04-19T15:54:00Z,,,,,
106.0,Fresno,0.0,0.0,36.8266,-119.3415,2014-01-25T06:37:00Z,,,,,
101.0,Modoc,0.0,0.0,41.507,-121.266,2014-08-12T15:00:00Z,,,,,
85.0,Calaveras,0.0,1.0,38.058,-120.66,2014-06-22T12:37:00Z,,,,,
84.0,Nevada,0.0,0.0,39.3918,-120.0805,2014-08-18T10:00:00Z,,,,,
80.0,Contra Costa,0.0,0.0,37.5359,-121.5118,2014-07-11T21:57:00Z,,,,,
75.0,Shasta,0.0,0.0,40.5719,-121.3415,2014-07-05T18:44:00Z,,,,,
75.0,Monterey,0.0,0.0,36.103,-121.117,2014-04-30T14:25:00Z,,,,,
72.0,Butte,0.0,0.0,39.4664,-121.6129,2014-07-14T18:00:00Z,,,,,
70.0,Tuolumne,0.0,0.0,37.8316,-120.3434,2014-09-04T11:51:00Z,,,,,
57.0,Riverside,0.0,0.0,33.5982,-116.1985,2014-03-28T14:31:00Z,,,,,
50.0,Shasta,0.0,0.0,40.39,-122.721,2014-05-14T14:00:00Z,,,,,
48.0,San Bernardino,0.0,0.0,33.93869,-117.70643,2014-10-16T14:34:00Z,,,,,
47.0,San Luis Obispo,0.0,0.0,35.8218,-121.0226,2014-07-07T16:12:00Z,,,,,
40.0,Fresno,0.0,4.0,36.991825,-119.525506,2014-06-09T15:15:00Z,,,,,
38.0,Nevada,0.0,0.0,39.1871,-121.2687,2014-07-07T16:35:00Z,,,,,
30.0,El Dorado,0.0,0.0,38.608336,-120.703238,2014-07-09T14:34:00Z,,,,,
27.0,Napa,0.0,0.0,38.695961,-122.384054,2014-09-11T15:14:00Z,,,,,
25.0,Fresno,0.0,0.0,36.742747,-119.241493,2014-06-11T07:30:00Z,,,,,
69438.0,Lake,0.0,0.0,38.8863538,-122.4762475,2015-07-29T15:29:00Z,,,,,
31359.0,San Bernardino,0.0,0.0,34.16027778,-116.8927778,2015-06-17T15:52:00Z,,,,,
25118.0,Lake,0.0,0.0,38.8142503,-122.4867319,2015-08-09T15:34:00Z,,,,,
25118.0,Napa,0.0,0.0,38.8142503,-122.4867319,2015-08-09T15:34:00Z,,,,,
5702.0,Madera,0.0,0.0,37.279722,-119.50014,2015-07-25T14:30:00Z,,,,,
4250.0,San Bernardino,0.0,0.0,34.339,-117.478,2015-07-17T14:33:00Z,,,,,
2700.0,Alameda,0.0,0.0,37.3845,-121.3732,2015-08-19T14:45:00Z,,,,,
2446.0,San Luis Obispo,0.0,1.0,35.3477,-120.6269,2015-08-16T18:13:00Z,,,,,
2304.0,Nevada,0.0,6.0,39.192088,-120.882313,2015-07-25T14:37:00Z,,,,,
1086.0,Monterey,1.0,0.0,36.3699644,-121.589554,2015-09-19T15:00:00Z,,,,,
1049.0,Riverside,0.0,0.0,33.884313,-117.642759,2015-04-18T18:12:00Z,,,,,
1042.0,Butte,0.0,1.0,39.5218,-121.3363,2015-09-11T14:15:00Z,,,,,
920.0,Madera,0.0,0.0,37.165767,-119.523943,2015-06-18T21:00:00Z,,,,,
670.0,San Benito,0.0,3.0,36.70854,-121.32734,2015-10-12T16:00:00Z,,,,,
543.0,Riverside,0.0,0.0,33.5736,-116.5387,2015-08-10T11:44:00Z,,,,,
430.0,Tulare,0.0,0.0,36.085212,-118.824235,2015-07-21T12:35:00Z,,,,,
400.0,Butte,0.0,0.0,39.43963,-121.38794,2015-07-29T11:25:00Z,,,,,
275.0,Merced,0.0,0.0,37.08312,-121.06963,2015-05-11T10:26:00Z,,,,,
215.0,Lake,0.0,0.0,38.925764,-122.879272,2015-08-22T17:30:00Z,,,,,
214.0,Orange,0.0,0.0,33.7626,-117.7274,2015-07-13T10:47:00Z,,,,,
212.0,Shasta,0.0,2.0,40.415108,-122.439939,2015-07-29T17:55:00Z,,,,,
204.0,Tuolumne,0.0,0.0,37.823,-120.15644,2015-07-29T16:30:00Z,,,,,
195.0,Contra Costa,0.0,0.0,37.81629,-121.68113,2015-07-30T11:18:00Z,,,,,
181.0,Siskiyou,0.0,0.0,41.8048,-122.5029,2015-07-13T17:56:00Z,,,,,
170.0,Fresno,0.0,0.0,40.400196,-120.553075,2015-09-09T14:30:00Z,,,,,
170.0,Tehama,0.0,0.0,39.8448,-122.3638,2015-07-04T16:33:00Z,,,,,
158.0,Humboldt,0.0,2.0,41.295667,-123.784067,2015-07-24T23:00:00Z,,,,,
158.0,Yuba,0.0,3.0,39.2688,-121.26471,2015-06-18T13:07:00Z,,,,,
150.0,Solano,0.0,0.0,38.4113,-122.0789,2015-07-06T10:47:00Z,,,,,
146.0,Humboldt,0.0,0.0,40.1058823,-124.0720419,2015-08-18T18:30:00Z,,,,,
137.0,Plumas,0.0,0.0,40.05083333,-120.7016667,2015-04-13T05:30:00Z,,,,,
135.0,Madera,0.0,0.0,37.072561,-119.6958,2015-06-21T12:08:00Z,,,,,
128.0,Trinity,0.0,0.0,40.724898,-122.96174,2015-08-25T14:08:00Z,,,,,
116.0,Modoc,0.0,0.0,41.29226,-121.172117,2015-07-23T16:40:00Z,,,,,
114.0,Calaveras,0.0,0.0,38.052,-120.5577,2015-08-13T16:15:00Z,,,,,
112.0,Tuolumne,0.0,0.0,37.83618,-120.61691,2015-08-15T16:11:00Z,,,,,
110.0,Tehama,0.0,0.0,40.3506868,-121.7786799,2015-08-08T14:55:00Z,,,,,
109.0,Shasta,0.0,0.0,40.47512,-122.52541,2015-09-11T15:08:00Z,,,,,
108.0,Tuolumne,0.0,1.0,38.04684,-120.30188,2015-09-08T13:23:00Z,,,,,
104.0,Butte,0.0,0.0,39.8707,-121.8938,2015-10-02T14:38:00Z,,,,,
95.0,Monterey,0.0,0.0,36.5696373,-121.7556029,2015-09-19T15:25:00Z,,,,,
95.0,San Luis Obispo,0.0,0.0,35.7183,-121.0157,2015-07-10T12:41:00Z,,,,,
90.0,Shasta,0.0,0.0,40.49865,-122.20109,2015-07-30T12:57:00Z,,,,,
86.0,Tulare,0.0,4.0,36.49845,-118.9009,2015-07-30T12:40:00Z,,,,,
77.0,Modoc,0.0,0.0,40.856422,-121.101623,2015-07-23T17:30:00Z,,,,,
75.0,Shasta,0.0,0.0,40.67868,-121.93244,2015-08-02T03:00:00Z,,,,,
75.0,Shasta,0.0,2.0,40.509552,-122.199227,2015-07-29T16:30:00Z,,,,,
67.0,Kern,0.0,0.0,35.77937,-120.19482,2015-06-15T15:46:00Z,,,,,
60.0,Lassen,0.0,0.0,40.875667,-121.033667,2015-06-19T16:15:00Z,,,,,
60.0,Amador,0.0,0.0,38.260777,-121.135426,2015-06-16T16:42:00Z,,,,,
59.0,Shasta,0.0,0.0,40.3929,-122.40546,2015-08-03T14:28:00Z,,,,,
55.0,San Diego,0.0,0.0,33.4115972,-117.2886249,2015-08-09T08:22:00Z,,,,,
55.0,Tehama,0.0,0.0,40.0133,-122.552,2015-06-17T12:50:00Z,,,,,
54.0,San Bernardino,0.0,0.0,34.0783472,-117.0487863,2015-07-12T14:46:00Z,,,,,
52.0,Santa Barbara,0.0,0.0,34.9522,-120.2903,2015-08-01T14:32:00Z,,,,,
50.0,Mendocino,0.0,0.0,39.43301,-123.36316,2015-07-30T13:36:00Z,,,,,
40.0,Lassen,0.0,0.0,40.400196,-120.553075,2015-09-09T14:12:00Z,,,,,
40.0,Stanislaus,0.0,0.0,37.24523,-121.20324,2015-07-28T12:10:00Z,,,,,
40.0,Solano,0.0,0.0,38.1029,-122.1578,2015-07-10T13:36:00Z,,,,,
38.0,Napa,0.0,0.0,38.5287,-122.3415,2015-06-16T14:27:00Z,,,,,
35.0,Mendocino,0.0,0.0,39.7806004,-123.248214,2015-06-28T13:30:00Z,,,,,
30.0,Nevada,0.0,0.0,39.081,-121.194,2015-09-22T07:00:00Z,,,,,
30.0,Lassen,0.0,0.0,41.12362,-121.194256,2015-08-29T16:06:00Z,,,,,
30.0,Yuba,0.0,0.0,39.33303,-121.18735,2015-08-03T18:07:00Z,,,,,
26.0,Placer,0.0,0.0,38.9361,-121.1548,2015-07-22T18:17:00Z,,,,,
25.0,San Benito,0.0,0.0,36.8727,-121.5681,2015-07-20T13:23:00Z,,,,,
24.0,Siskiyou,0.0,0.0,41.999341,-121.891226,2015-07-21T17:00:00Z,,,,,
23.0,Mendocino,0.0,0.0,39.0263,-123.303,2015-07-04T15:30:00Z,,,,,
22.0,Lake,0.0,0.0,38.831478,-122.53428,2015-08-24T12:12:00Z,,,,,
21.0,Riverside,0.0,0.0,33.986204,-117.43942,2015-07-12T13:52:00Z,,,,,
20.0,Humboldt,0.0,0.0,41.1513,-123.8292,2015-06-10T07:42:00Z,,,,,
19.0,Napa,0.0,0.0,38.519132,-122.181878,2015-06-27T12:51:00Z,,,,,
18.0,Shasta,0.0,1.0,40.5953,-122.4397,2015-07-07T12:34:00Z,,,,,
16.0,Humboldt,0.0,0.0,40.1093,-123.774,2015-07-28T17:19:00Z,,,,,
132127.0,Monterey,0.0,0.0,36.45994,-121.89938,2016-07-22T08:48:00Z,,,,,
48019.0,Kern,0.0,0.0,35.6115,-118.45628,2016-06-23T15:51:00Z,,,,,
46344.0,San Luis Obispo,0.0,1.0,35.70595,-120.98316,2016-08-13T16:03:00Z,,,,,
36274.0,San Bernardino,0.0,0.0,34.30372,-117.49342,2016-08-16T10:44:00Z,,,,,
8110.0,San Bernardino,0.0,1.0,34.28771,-117.27338,2016-08-07T12:18:00Z,,,,,
7474.0,Santa Barbara,0.0,0.0,34.776,-119.643,2016-06-15T15:21:00Z,,,,,
7050.0,Fresno,0.0,0.0,36.09974,-120.51057,2016-08-09T13:08:00Z,,,,,
5731.0,Yolo,0.0,0.0,38.52513,-122.06788,2016-08-02T16:36:00Z,,,,,
5646.0,El Dorado,0.0,3.0,38.96741,-120.9375,2016-06-28T13:55:00Z,,,,,
5646.0,Placer,0.0,3.0,38.96741,-120.9375,2016-06-28T13:55:00Z,,,,,
4474.0,Santa Clara,0.0,0.0,37.10632,-121.85318,2016-09-26T14:42:00Z,,,,,
3929.0,Lake,0.0,0.0,38.89741,-122.60664,2016-08-13T18:03:00Z,,,,,
3876.0,Monterey,0.0,1.0,36.38123,-121.20059,2016-05-22T15:27:00Z,,,,,
2944.0,Fresno,0.0,0.0,36.0749,-120.452041,2016-07-01T17:16:00Z,,,,,
2575.0,Lassen,0.0,1.0,40.3915,-120.7845,2016-09-11T11:33:00Z,,,,,
2520.0,Monterey,0.0,0.0,36.01542,-121.25029,2016-06-04T14:33:00Z,,,,,
2241.0,Fresno,0.0,0.0,37.01591,-119.50507,2016-07-30T16:40:00Z,,,,,
1785.0,Kern,0.0,3.0,35.20993,-118.72272,2016-07-01T14:05:00Z,,,,,
1547.0,Sonoma,0.0,2.0,38.80017,-122.82895,2016-09-25T10:43:00Z,,,,,
1246.0,Merced,0.0,0.0,37.07147,-121.20155,2016-06-25T23:45:00Z,,,,,
1080.0,Tuolumne,0.0,0.0,37.79635,-120.32484,2016-09-26T12:20:00Z,,,,,
850.0,Butte,0.0,3.0,39.6871,-121.571,2016-09-05T16:28:00Z,,,,,
710.0,Siskiyou,0.0,0.0,41.7813,-122.611,2016-08-24T14:55:00Z,,,,,
599.0,Humboldt,0.0,0.0,41.28486,-123.82268,2016-08-22T16:03:00Z,,,,,
550.0,Butte,0.0,0.0,39.6708,-121.7192,2016-08-02T14:35:00Z,,,,,
518.0,Kern,0.0,0.0,35.2013,-118.7212,2016-08-26T10:10:00Z,,,,,
464.0,Tehama,0.0,0.0,40.0353,-122.56939,2016-06-30T13:32:00Z,,,,,
450.0,Calaveras,0.0,0.0,38.1874,-120.6381,2016-08-28T13:07:00Z,,,,,
441.0,Shasta,0.0,1.0,40.36873,-122.72913,2016-07-08T22:45:00Z,,,,,
400.0,Yuba,0.0,0.0,36.16965,-121.38775,2016-08-18T15:35:00Z,,,,,
380.0,Modoc,0.0,0.0,41.4657,-120.9066,2016-09-11T14:15:00Z,,,,,
372.0,Amador,0.0,0.0,38.385,-121.003611,2016-06-28T19:02:00Z,,,,,
360.0,Tehama,0.0,0.0,40.30594,-122.1295,2016-09-13T23:10:00Z,,,,,
341.0,Calaveras,0.0,0.0,38.08056,-120.81394,2016-07-12T13:14:00Z,,,,,
310.0,Calaveras,0.0,0.0,38.02845,-120.61153,2016-07-02T14:55:00Z,,,,,
300.0,Sutter,0.0,0.0,39.188321,-121.78003,2016-09-20T09:30:00Z,,,,,
278.0,Fresno,0.0,0.0,36.88286,-119.654,2016-05-25T01:03:00Z,,,,,
277.0,Yolo,0.0,0.0,38.69971,-122.15457,2016-06-26T15:45:00Z,,,,,
221.0,Kern,0.0,0.0,35.68313,-118.21793,2016-07-13T17:08:00Z,,,,,
215.0,Lake,0.0,0.0,39.12366,-122.50373,2016-06-26T16:00:00Z,,,,,
211.0,Alameda,0.0,0.0,37.74369,-121.58677,2016-06-25T16:11:00Z,,,,,
210.0,Amador,0.0,0.0,38.26874,-120.90265,2016-06-17T14:54:00Z,,,,,
188.0,Fresno,0.0,0.0,36.92244,-119.39619,2016-07-11T14:30:00Z,,,,,
176.0,El Dorado,0.0,0.0,38.93449,-120.10744,2016-10-14T01:28:00Z,,,,,
169.0,Placer,0.0,0.0,38.8390117,-121.3090268,2016-05-17T15:06:00Z,,,,,
158.0,Fresno,0.0,0.0,36.84479,-119.34487,2016-09-03T14:44:00Z,,,,,
150.0,San Luis Obispo,0.0,0.0,35.61961,-120.39993,2016-05-10T16:11:00Z,,,,,
147.0,San Joaquin,0.0,0.0,37.62215,-121.36665,2016-08-20T08:35:00Z,,,,,
145.0,Fresno,0.0,0.0,36.14161,-120.62048,2016-07-04T17:15:00Z,,,,,
139.0,Riverside,0.0,1.0,33.476894,-117.140883,2016-06-04T11:40:00Z,,,,,
138.0,Kern,0.0,0.0,35.60748,-118.94811,2016-07-15T23:55:00Z,,,,,
132.0,Fresno,0.0,0.0,36.78769,-119.38248,2016-05-15T16:38:00Z,,,,,
130.0,Butte,0.0,0.0,39.4403,-121.42647,2016-09-22T11:45:00Z,,,,,
123.0,Fresno,0.0,0.0,37.0099,-119.5792,2016-07-15T16:45:00Z,,,,,
120.0,Stanislaus,0.0,0.0,37.17072,-121.42238,2016-06-07T16:30:00Z,,,,,
114.0,Santa Clara,0.0,0.0,37.41896,-121.79669,2016-07-30T17:25:00Z,,,,,
112.0,Butte,0.0,0.0,39.595,-121.6008,2016-06-20T16:38:00Z,,,,,
103.0,Madera,0.0,0.0,37.25601,-119.65776,2016-07-04T11:53:00Z,,,,,
100.0,Shasta,0.0,0.0,40.0,-121.93923,2016-09-25T07:15:00Z,,,,,
100.0,Kern,0.0,0.0,35.24504,-118.60344,2016-08-04T17:10:00Z,,,,,
100.0,Monterey,0.0,0.0,35.85093,-120.81081,2016-07-22T15:15:00Z,,,,,
91.0,Butte,0.0,0.0,39.33035,-121.78973,2016-05-27T13:43:00Z,,,,,
88.0,Butte,0.0,0.0,39.79547,-121.71662,2016-08-26T15:30:00Z,,,,,
88.0,Tehama,0.0,0.0,40.07846,-122.2071,2016-07-01T13:54:00Z,,,,,
88.0,Placer,0.0,0.0,38.86804,-121.37704,2016-06-21T12:24:00Z,,,,,
87.0,Sacramento,0.0,0.0,38.517772,-121.103642,2016-07-10T15:30:00Z,,,,,
86.0,San Luis Obispo,0.0,0.0,35.70821,-120.82266,2016-06-27T12:07:00Z,,,,,
85.0,Madera,0.0,0.0,37.3228,-119.7738,2016-08-04T14:13:00Z,,,,,
85.0,Tuolumne,0.0,0.0,37.927613,-120.528836,2016-05-30T15:10:00Z,,,,,
84.0,Yolo,0.0,0.0,38.8866,-122.04726,2016-07-15T14:00:00Z,,,,,
83.0,San Benito,0.0,0.0,36.49914,-121.04993,2016-06-12T12:45:00Z,,,,,
80.0,Tehama,0.0,0.0,40.19611,-122.26736,2016-08-03T17:27:00Z,,,,,
80.0,Tehama,0.0,0.0,39.7947,-121.857,2016-06-11T14:30:00Z,,,,,
78.0,Ventura,0.0,0.0,36.92244,-119.39619,2016-07-13T15:52:00Z,,,,,
75.0,Shasta,0.0,0.0,40.68192,-122.4096,2016-09-10T15:45:00Z,,,,,
70.0,Fresno,0.0,0.0,36.6543,-119.5327,2016-09-23T12:40:00Z,,,,,
70.0,Monterey,0.0,0.0,36.2833,-121.3306,2016-06-18T16:47:00Z,,,,,
70.0,San Diego,0.0,3.0,33.41639,-117.08829,2016-05-31T13:48:00Z,,,,,
69.0,Lake,0.0,0.0,39.0863,-122.7891,2016-07-19T17:16:00Z,,,,,
65.0,Napa,0.0,0.0,38.40958,-122.43172,2016-10-10T16:13:00Z,,,,,
57.0,Solano,0.0,0.0,38.33475,-122.02564,2016-07-22T13:01:00Z,,,,,
57.0,Calaveras,0.0,0.0,37.98171,-120.64241,2016-07-21T15:06:00Z,,,,,
52.0,Monterey,0.0,0.0,36.1934,-120.9293,2016-06-23T17:57:00Z,,,,,
50.0,Mendocino,0.0,0.0,39.7299,-123.5044,2016-09-10T14:06:00Z,,,,,
50.0,San Bernardino,0.0,0.0,34.3183,-117.3189,2016-09-07T16:53:00Z,,,,,
50.0,El Dorado,0.0,0.0,38.79549,-121.00299,2016-07-22T13:15:00Z,,,,,
49.0,Butte,0.0,0.0,39.43351,-121.6051,2016-06-21T15:09:00Z,,,,,
47.0,Nevada,0.0,0.0,39.20427,-121.05948,2016-09-17T13:40:00Z,,,,,
47.0,Orange,0.0,0.0,33.57872,-117.77395,2016-06-26T13:10:00Z,,,,,
45.0,Amador,0.0,0.0,38.5212,-120.8416,2016-09-23T13:12:00Z,,,,,
45.0,Lake,0.0,0.0,36.09974,-120.51057,2016-08-09T17:30:00Z,,,,,
45.0,Ventura,0.0,0.0,34.27619,-118.63264,2016-07-01T14:00:00Z,,,,,
43.0,Tehama,0.0,0.0,39.93965,-122.40142,2016-06-21T10:26:00Z,,,,,
40.0,Sacramento,0.0,0.0,38.558,-121.1309,2016-09-11T11:25:00Z,,,,,
40.0,Contra Costa,0.0,0.0,38.01264,-122.1885,2016-07-24T16:30:00Z,,,,,
38.0,Madera,0.0,0.0,37.24006,-119.4741,2016-07-29T17:55:00Z,,,,,
36.0,Mendocino,0.0,0.0,39.8748511,-123.4267011,2016-08-30T13:35:00Z,,,,,
36.0,Lake,0.0,0.0,38.68403,-122.26015,2016-08-09T18:50:00Z,,,,,
35.0,Shasta,0.0,0.0,40.61213,-122.47091,2016-08-09T12:14:00Z,,,,,
35.0,Calaveras,0.0,0.0,37.96311,-120.67335,2016-07-12T15:19:00Z,,,,,
33.0,Calaveras,0.0,0.0,38.22017,-120.8678,2016-06-27T18:00:00Z,,,,,
32.0,Siskiyou,0.0,0.0,41.6314,-122.7933,2016-09-12T16:28:00Z,,,,,
32.0,Tuolumne,0.0,0.0,37.81434,-120.69521,2016-07-30T17:25:00Z,,,,,
32.0,Sacramento,0.0,0.0,38.3131,-121.06452,2016-06-03T16:57:00Z,,,,,
30.0,Butte,0.0,0.0,39.8851,-121.6998,2016-09-16T23:28:00Z,,,,,
30.0,Inyo,0.0,0.0,36.58972,-118.15589,2016-07-01T12:56:00Z,,,,,
30.0,San Benito,0.0,0.0,36.80296,-121.40304,2016-06-03T17:39:00Z,,,,,
30.0,Butte,0.0,0.0,39.624017,-121.595093,2016-05-29T16:51:00Z,,,,,
30.0,Merced,0.0,0.0,37.2171,-121.08036,2016-04-24T11:10:00Z,,,,,
26.0,Amador,0.0,0.0,38.2581,-120.8657,2016-08-05T13:49:00Z,,,,,
26.0,Siskiyou,0.0,0.0,41.96191,-122.59328,2016-07-19T14:09:00Z,,,,,
25.0,Santa Clara,0.0,0.0,37.11831,-121.69784,2016-09-01T14:36:00Z,,,,,
25.0,Santa Clara,0.0,0.0,37.06531,-121.68577,2016-08-12T16:00:00Z,,,,,
25.0,El Dorado,0.0,0.0,38.64107,-120.6955,2016-06-03T12:41:00Z,,,,,
25.0,Monterey,0.0,0.0,35.8378273,-121.0381507,2016-05-12T14:13:00Z,,,,,
24.0,Shasta,0.0,0.0,40.61388,-122.46777,2016-06-11T16:02:00Z,,,,,
23.0,Humboldt,0.0,0.0,40.4572,-124.05804,2016-08-11T14:57:00Z,,,,,
23.0,Siskiyou,0.0,0.0,41.71847,-122.36924,2016-07-21T20:30:00Z,,,,,
21.0,Humboldt,0.0,0.0,40.9878,-123.77832,2016-08-12T17:23:00Z,,,,,
20.0,Lake,0.0,0.0,39.1408865,-122.9148951,2016-08-30T16:54:00Z,,,,,
281893.0,Santa Barbara,0.0,0.0,34.41521,-119.09124,2017-12-04T18:28:00Z,,,,,
281893.0,Ventura,0.0,0.0,34.41521,-119.09124,2017-12-04T18:28:00Z,,,,,
81826.0,Mariposa,0.0,0.0,37.61757,-120.21321,2017-07-16T15:56:00Z,,,,,
56556.0,Napa,3.0,0.0,38.4041,-122.5209,2017-10-08T22:00:00Z,,,,,
56556.0,Sonoma,3.0,0.0,38.4041,-122.5209,2017-10-08T22:00:00Z,,,,,
51624.0,Napa,6.0,0.0,38.39206,-122.24367,2017-10-08T21:52:00Z,,,,,
51624.0,Solano,6.0,0.0,38.39206,-122.24367,2017-10-08T21:52:00Z,,,,,
48889.0,Kings,0.0,0.0,35.93273,-120.20014,2017-07-09T15:10:00Z,,,,,
36807.0,Napa,22.0,0.0,38.60895,-122.62879,2017-10-08T21:45:00Z,,,,,
36807.0,Sonoma,22.0,0.0,38.60895,-122.62879,2017-10-08T21:45:00Z,,,,,
36523.0,Mendocino,9.0,1.0,39.24873,-123.16635,2017-10-08T23:36:00Z,,,,,
28687.0,San Luis Obispo,0.0,0.0,35.0179,-120.3223,2017-07-06T15:44:00Z,,,,,
17357.0,Sonoma,0.0,0.0,38.76549,-122.90939,2017-10-09T03:30:00Z,,,,,
10343.0,Fresno,0.0,0.0,36.12089,-120.37116,2017-05-18T13:11:00Z,,,,,
9989.0,Yuba,4.0,0.0,39.32198,-121.4021,2017-10-08T23:03:00Z,,,,,
9217.0,Orange,0.0,4.0,33.87041,-117.70975,2017-10-09T09:51:00Z,,,,,
8417.0,Butte,0.0,0.0,39.62496,-121.52966,2017-10-08T21:45:00Z,,,,,
6309.0,Riverside,0.0,0.0,33.530045,-116.594422,2017-06-26T15:10:00Z,,,,,
6151.0,Butte,0.0,0.0,39.39455,-121.40613,2017-10-09T00:57:00Z,,,,,
6049.0,Los Angeles,0.0,0.0,34.45283,-118.58188,2017-12-05T11:31:00Z,,,,,
6033.0,Butte,0.0,0.0,39.45352,-121.41222,2017-07-07T14:52:00Z,,,,,
5738.0,Fresno,0.0,0.0,36.07228,-120.26561,2017-04-20T15:40:00Z,,,,,
4016.0,Butte,0.0,2.0,39.57701,-121.30209,2017-08-29T13:16:00Z,,,,,
3874.0,Riverside,0.0,0.0,33.97471,-117.09984,2017-09-02T13:33:00Z,,,,,
2940.0,Kern,0.0,0.0,35.77896,-118.89627,2017-07-07T09:18:00Z,,,,,
2662.0,Orange,0.0,0.0,33.8668,-117.68598,2017-09-25T13:03:00Z,,,,,
2289.0,Tulare,0.0,0.0,36.0226,-118.94252,2017-07-30T17:43:00Z,,,,,
2269.0,Yolo,0.0,4.0,38.49521,-122.0251,2017-07-06T12:41:00Z,,,,,
2207.0,Lake,0.0,0.0,39.01387,-122.64543,2017-10-08T23:59:00Z,,,,,
1816.0,Monterey,0.0,0.0,35.86949,-120.57894,2017-07-08T18:30:00Z,,,,,
1816.0,San Luis Obispo,0.0,0.0,35.86949,-120.57894,2017-07-08T18:30:00Z,,,,,
1800.0,Merced,0.0,0.0,36.96655,-120.89261,2017-05-12T15:30:00Z,,,,,
1660.0,Sonoma,0.0,0.0,38.14242,-122.47301,2017-10-09T14:00:00Z,,,,,
1649.0,Fresno,0.0,0.0,35.95911,-120.55579,2017-07-17T13:15:00Z,,,,,
1626.0,Kern,0.0,0.0,35.59904,-119.08312,2017-07-06T12:29:00Z,,,,,
1598.0,San Luis Obispo,0.0,0.0,35.4025,-120.4992,2017-06-26T15:27:00Z,,,,,
1538.0,Fresno,0.0,0.0,36.269125,-120.620791,2017-07-02T22:28:00Z,,,,,
1431.0,Madera,0.0,0.0,37.0825,-119.8011,2017-06-10T13:19:00Z,,,,,
1350.0,Riverside,0.0,0.0,34.00566,-117.30693,2017-04-30T15:23:00Z,,,,,
1286.0,Sacramento,0.0,0.0,38.5181,-121.104,2017-07-26T14:45:00Z,,,,,
1200.0,Kern,0.0,0.0,35.38298,-118.80123,2017-06-30T13:49:00Z,,,,,
1083.0,Kern,0.0,0.0,34.94373,-119.44751,2017-07-18T11:45:00Z,,,,,
1044.0,Riverside,0.0,0.0,33.98212,-117.30819,2017-08-13T16:10:00Z,,,,,
1035.0,Madera,0.0,0.0,37.21616,-119.48067,2017-09-03T13:06:00Z,,,,,
995.0,Shasta,0.0,3.0,40.98352,-121.81623,2017-09-12T06:58:00Z,,,,,
900.0,Mendocino,0.0,1.0,39.30125,-123.28825,2017-07-16T14:51:00Z,,,,,
867.0,Yuba,0.0,0.0,39.1234,-121.32957,2017-08-20T14:44:00Z,,,,,
866.0,Riverside,0.0,0.0,33.60247,-117.34192,2017-10-26T12:34:00Z,,,,,
821.0,Nevada,0.0,0.0,39.24549,-121.12792,2017-10-09T00:01:00Z,,,,,
775.0,San Luis Obispo,0.0,0.0,35.7908,-120.77485,2017-08-11T16:06:00Z,,,,,
690.0,Tuolumne,0.0,0.0,37.905545,-120.408135,2017-07-29T13:50:00Z,,,,,
680.0,Mariposa,0.0,0.0,37.37397,-119.83556,2017-09-03T13:10:00Z,,,,,
630.0,Mariposa,0.0,0.0,37.3762,-119.9646,2017-06-28T15:49:00Z,,,,,
545.0,Riverside,0.0,0.0,33.95036,-116.88066,2017-08-14T15:45:00Z,,,,,
506.0,Kern,0.0,0.0,35.4605,-118.85896,2017-05-20T14:23:00Z,,,,,
469.0,Siskiyou,0.0,0.0,41.3975,-122.8428,2017-07-05T11:05:00Z,,,,,
460.0,San Luis Obispo,0.0,0.0,35.40357,-120.28037,2017-08-02T10:15:00Z,,,,,
460.0,San Bernardino,0.0,0.0,34.09773,-117.10567,2017-07-14T14:23:00Z,,,,,
450.0,Fresno,0.0,0.0,36.616986,-120.369347,2017-06-11T17:15:00Z,,,,,
444.0,Santa Barbara,0.0,0.0,34.67403,-120.4393,2017-09-29T14:42:00Z,,,,,
429.0,Madera,0.0,0.0,37.14624,-120.015509,2017-09-18T16:04:00Z,,,,,
416.0,Tulare,0.0,0.0,36.22265,-119.06598,2017-07-20T19:16:00Z,,,,,
400.0,Fresno,0.0,0.0,36.45491,-120.2445,2017-05-10T15:27:00Z,,,,,
392.0,Nevada,0.0,1.0,39.34292,-121.12004,2017-08-30T15:38:00Z,,,,,
391.0,Santa Cruz,0.0,1.0,37.18356,-122.07012,2017-10-16T22:30:00Z,,,,,
380.0,Modoc,0.0,0.0,41.16716,-120.58342,2017-04-03T16:00:00Z,,,,,
370.0,Contra Costa,0.0,0.0,38.02929,-122.25544,2017-07-08T15:26:00Z,,,,,
357.0,Fresno,0.0,0.0,36.27306,-120.65185,2017-06-23T16:00:00Z,,,,,
340.0,San Luis Obispo,0.0,0.0,35.42433,-120.47322,2017-07-09T13:49:00Z,,,,,
339.0,Tulare,0.0,4.0,36.45809,-118.87676,2017-06-07T11:55:00Z,,,,,
338.0,Kern,0.0,0.0,34.92907,-118.9267,2017-08-10T14:32:00Z,,,,,
325.0,San Bernardino,0.0,0.0,34.08492,-117.03826,2017-08-03T15:35:00Z,,,,,
288.0,Kern,0.0,0.0,35.41283,-118.84466,2017-05-15T14:05:00Z,,,,,
260.0,San Bernardino,0.0,0.0,34.16564,-117.33334,2017-12-05T13:35:00Z,,,,,
245.0,San Luis Obispo,0.0,0.0,35.12269,-120.39387,2017-09-20T13:41:00Z,,,,,
237.0,Fresno,0.0,0.0,36.24653,-120.31598,2017-09-19T19:47:00Z,,,,,
236.0,El Dorado,0.0,0.0,38.538332,-121.039267,2017-07-30T01:45:00Z,,,,,
231.0,Contra Costa,0.0,0.0,37.87808,-121.78677,2017-07-08T02:20:00Z,,,,,
225.0,Mariposa,0.0,0.0,37.4591,-119.921,2017-07-02T13:36:00Z,,,,,
225.0,San Luis Obispo,0.0,0.0,35.34541,-120.76464,2017-05-18T08:48:00Z,,,,,
225.0,San Luis Obispo,0.0,0.0,35.21177,-119.87525,2017-05-15T13:58:00Z,,,,,
206.0,Kern,0.0,0.0,35.59804,-118.47939,2017-06-10T12:17:00Z,,,,,
205.0,Riverside,0.0,0.0,33.85323,-117.48195,2017-07-04T16:55:00Z,,,,,
200.0,Riverside,0.0,0.0,33.689092,-117.396404,2017-07-31T14:22:00Z,,,,,
194.0,Tehama,0.0,0.0,40.02261,-121.91425,2017-10-26T20:00:00Z,,,,,
190.0,Santa Barbara,0.0,0.0,34.9465,-119.8036,2017-05-20T17:54:00Z,,,,,
186.0,Fresno,0.0,0.0,36.704679,-120.405077,2017-06-11T10:46:00Z,,,,,
184.0,Kern,0.0,0.0,35.3091,-118.701,2017-10-15T17:11:00Z,,,,,
183.0,Kern,0.0,0.0,35.19008,-118.76152,2017-10-12T10:42:00Z,,,,,
180.0,Shasta,0.0,0.0,40.47106,-122.43608,2017-07-18T12:39:00Z,,,,,
170.0,San Bernardino,0.0,0.0,34.41204,-117.03031,2017-07-23T15:53:00Z,,,,,
168.0,Riverside,0.0,0.0,33.87679,-117.00258,2017-08-19T16:31:00Z,,,,,
166.0,Butte,0.0,0.0,39.37192,-121.53865,2017-07-10T14:45:00Z,,,,,
157.0,Lassen,0.0,0.0,40.80968,-120.48641,2017-08-26T12:35:00Z,,,,,
157.0,Madera,0.0,0.0,37.12759,-120.0193,2017-06-07T21:00:00Z,,,,,
155.0,Alameda,0.0,0.0,37.63358,-121.49925,2017-09-19T14:05:00Z,,,,,
155.0,Siskiyou,0.0,0.0,41.9808,-121.9741,2017-07-29T16:33:00Z,,,,,
153.0,Riverside,0.0,0.0,33.98639,-117.21314,2017-06-18T15:10:00Z,,,,,
150.0,Butte,0.0,0.0,39.74679,-121.67261,2017-10-09T15:05:00Z,,,,,
150.0,San Luis Obispo,0.0,0.0,35.7751,-120.23656,2017-07-24T14:43:00Z,,,,,
150.0,San Luis Obispo,0.0,0.0,35.6871,-120.3187,2017-06-14T11:44:00Z,,,,,
150.0,Madera,0.0,0.0,36.90967,-119.79315,2017-05-17T15:30:00Z,,,,,
146.0,Mendocino,0.0,3.0,39.02482,-123.1362,2017-09-19T13:02:00Z,,,,,
143.0,Butte,0.0,0.0,40.07613,-121.56858,2017-09-28T14:46:00Z,,,,,
140.0,El Dorado,0.0,0.0,38.559707,-120.70013,2017-07-26T13:58:00Z,,,,,
136.0,El Dorado,0.0,0.0,38.5758,-120.915,2017-09-17T15:18:00Z,,,,,
135.0,Tulare,0.0,2.0,35.8556,-118.74542,2017-06-13T17:00:00Z,,,,,
134.0,Butte,0.0,0.0,39.69717,-121.75417,2017-06-16T09:27:00Z,,,,,
130.0,Calaveras,0.0,0.0,38.40234,-120.52953,2017-10-09T01:10:00Z,,,,,
130.0,San Luis Obispo,0.0,0.0,35.78286,-120.22647,2017-05-02T14:32:00Z,,,,,
128.0,Shasta,0.0,0.0,40.69554,-122.0122,2017-07-01T00:48:00Z,,,,,
126.0,Fresno,0.0,0.0,36.5355,-120.6585,2017-04-29T17:15:00Z,,,,,
125.0,Mariposa,0.0,0.0,37.62823,-120.30046,2017-08-13T16:23:00Z,,,,,
124.0,Tuolumne,0.0,0.0,37.90014,-120.36005,2017-07-30T16:28:00Z,,,,,
122.0,Riverside,0.0,0.0,34.009026,-117.239099,2017-08-04T14:25:00Z,,,,,
120.0,San Luis Obispo,0.0,0.0,35.31886,-120.50886,2017-09-03T16:59:00Z,,,,,
120.0,Riverside,0.0,0.0,33.88287,-116.99651,2017-05-25T14:48:00Z,,,,,
117.0,Calaveras,0.0,0.0,38.29113,-120.62177,2017-07-17T12:55:00Z,,,,,
116.0,Alameda,0.0,0.0,37.7393,-121.85663,2017-10-17T14:00:00Z,,,,,
114.0,Napa,0.0,0.0,38.49336,-122.2483,2017-08-11T12:57:00Z,,,,,
111.0,Fresno,0.0,0.0,36.93332,-119.43376,2017-08-26T14:31:00Z,,,,,
111.0,Butte,0.0,0.0,39.38416,-121.5786,2017-06-22T11:10:00Z,,,,,
105.0,San Luis Obispo,0.0,0.0,35.3024,-120.65279,2017-09-26T15:30:00Z,,,,,
105.0,Riverside,0.0,0.0,33.950382,-116.884446,2017-06-15T11:36:00Z,,,,,
103.0,Butte,0.0,0.0,39.76243,-121.74121,2017-07-19T16:02:00Z,,,,,
102.0,Fresno,0.0,0.0,36.36113,-120.32685,2017-08-30T16:51:00Z,,,,,
100.0,Sonoma,0.0,0.0,38.46123,-122.58152,2017-10-14T20:35:00Z,,,,,
100.0,Lake,0.0,0.0,39.0199,-122.57487,2017-10-14T05:00:00Z,,,,,
100.0,Solano,0.0,0.0,38.43658,-121.97233,2017-10-02T09:37:00Z,,,,,
100.0,Santa Clara,0.0,0.0,36.99092,-121.59899,2017-09-03T19:17:00Z,,,,,
100.0,Fresno,0.0,0.0,36.09486,-120.52189,2017-09-03T09:23:00Z,,,,,
100.0,Santa Clara,0.0,0.0,37.14653,-121.68165,2017-08-11T14:55:00Z,,,,,
99.0,San Bernardino,0.0,0.0,34.035344,-116.940661,2017-11-29T12:19:00Z,,,,,
92.0,Riverside,0.0,0.0,33.57139,-116.8247,2017-08-07T14:14:00Z,,,,,
91.0,Fresno,0.0,0.0,36.95104,-119.65621,2017-07-05T15:40:00Z,,,,,
91.0,Butte,0.0,0.0,39.52499,-121.64897,2017-06-06T12:43:00Z,,,,,
90.0,Madera,0.0,0.0,37.09773,-120.02027,2017-07-07T10:00:00Z,,,,,
87.0,Lake,0.0,0.0,39.15016,-122.576,2017-10-06T14:38:00Z,,,,,
86.0,Ventura,0.0,0.0,34.34949,-119.30918,2017-10-24T14:44:00Z,,,,,
85.0,Humboldt,0.0,0.0,40.11794,-123.76099,2017-08-03T11:58:00Z,,,,,
85.0,Santa Clara,0.0,0.0,37.3344,-121.71752,2017-06-29T13:56:00Z,,,,,
82.0,Monterey,0.0,0.0,35.86596,-120.64584,2017-08-07T18:08:00Z,,,,,
79.0,Plumas,0.0,0.0,40.13278,-120.9204,2017-09-03T20:32:00Z,,,,,
79.0,Tulare,0.0,0.0,35.89423,-119.00334,2017-05-31T11:30:00Z,,,,,
78.0,Santa Clara,0.0,0.0,36.96607,-121.55552,2017-07-23T16:07:00Z,,,,,
78.0,Tehama,0.0,0.0,40.38944,-122.13088,2017-06-04T16:22:00Z,,,,,
76.0,Nevada,0.0,0.0,39.19325,-121.08406,2017-10-09T00:00:00Z,,,,,
76.0,Fresno,0.0,0.0,36.8005,-119.35901,2017-06-11T22:45:00Z,,,,,
74.0,San Luis Obispo,0.0,0.0,35.5956,-120.56068,2017-09-26T16:45:00Z,,,,,
74.0,El Dorado,0.0,0.0,38.7803,-120.97111,2017-07-08T16:38:00Z,,,,,
74.0,San Bernardino,0.0,0.0,34.07612,-117.06765,2017-07-07T15:45:00Z,,,,,
73.0,San Luis Obispo,0.0,0.0,35.78616,-120.96514,2017-10-13T12:14:00Z,,,,,
72.0,Riverside,0.0,0.0,33.75526,-117.25075,2017-07-18T15:34:00Z,,,,,
70.0,San Luis Obispo,0.0,0.0,35.4403,-120.2913,2017-08-02T10:33:00Z,,,,,
70.0,Colusa,0.0,0.0,39.01224,-122.20127,2017-07-17T13:17:00Z,,,,,
70.0,Santa Clara,0.0,0.0,37.25014,-121.68562,2017-07-10T15:54:00Z,,,,,
70.0,Fresno,0.0,0.0,36.60736,-120.5828,2017-05-19T23:28:00Z,,,,,
69.0,Fresno,0.0,0.0,36.7279,-119.28241,2017-08-27T18:47:00Z,,,,,
68.0,Sacramento,0.0,0.0,38.33707,-121.11113,2017-06-01T15:38:00Z,,,,,
67.0,Lassen,0.0,0.0,40.03392,-120.1064,2017-06-04T16:12:00Z,,,,,
65.0,Stanislaus,0.0,0.0,37.82934,-120.68992,2017-06-21T14:45:00Z,,,,,
63.0,Riverside,0.0,0.0,33.81976,-117.18552,2017-07-28T18:11:00Z,,,,,
63.0,Mariposa,0.0,0.0,37.36914,-120.0088,2017-06-15T07:30:00Z,,,,,
62.0,Lake,0.0,0.0,38.94599,-122.81135,2017-08-08T16:40:00Z,,,,,
62.0,Stanislaus,0.0,0.0,37.64898,-120.4925,2017-07-08T11:00:00Z,,,,,
60.0,Tehama,0.0,0.0,40.32063,-122.83208,2017-06-18T07:15:00Z,,,,,
59.0,Tulare,0.0,0.0,36.18815,-118.78928,2017-07-17T15:32:00Z,,,,,
59.0,Calaveras,0.0,0.0,38.18303,-120.85322,2017-07-12T13:10:00Z,,,,,
58.0,Fresno,0.0,0.0,36.7528,-119.2288,2017-10-11T15:59:00Z,,,,,
58.0,Tulare,0.0,0.0,36.64404,-118.99944,2017-07-18T15:50:00Z,,,,,
58.0,San Luis Obispo,0.0,0.0,35.346,-120.62825,2017-07-07T16:23:00Z,,,,,
57.0,Tehama,0.0,0.0,40.1583,-122.3209,2017-07-28T13:24:00Z,,,,,
57.0,Fresno,0.0,0.0,36.81476,-119.51592,2017-07-04T13:21:00Z,,,,,
56.0,Siskiyou,0.0,0.0,41.93006,-122.36545,2017-06-18T15:45:00Z,,,,,
55.0,Solano,0.0,0.0,38.4446,-122.0041,2017-09-23T11:05:00Z,,,,,
55.0,Siskiyou,0.0,0.0,41.99483,-121.90077,2017-08-29T15:39:00Z,,,,,
54.0,Santa Clara,0.0,0.0,37.33454,-121.76323,2017-06-21T18:02:00Z,,,,,
51.0,Santa Clara,0.0,0.0,37.44485,-121.84108,2017-07-26T23:19:00Z,,,,,
50.0,Kern,0.0,0.0,35.21556,-118.56578,2017-10-26T11:55:00Z,,,,,
50.0,Riverside,0.0,0.0,33.8826,-117.00589,2017-10-23T10:31:00Z,,,,,
50.0,San Mateo,0.0,0.0,37.41591,-122.3001,2017-09-11T19:41:00Z,,,,,
50.0,Santa Barbara,0.0,0.0,34.72379,-120.13249,2017-07-17T14:55:00Z,,,,,
50.0,Yuba,0.0,0.0,39.06308,-121.303,2017-07-08T16:47:00Z,,,,,
50.0,Riverside,0.0,0.0,33.87739,-117.16215,2017-07-03T15:14:00Z,,,,,
48.0,Madera,0.0,0.0,36.94652,-120.90462,2017-09-20T21:07:00Z,,,,,
48.0,Riverside,0.0,0.0,33.58577,-116.07429,2017-05-28T15:27:00Z,,,,,
47.0,San Benito,0.0,0.0,36.38109,-121.00391,2017-11-25T16:46:00Z,,,,,
47.0,San Luis Obispo,0.0,0.0,35.06472,-120.5634,2017-07-20T14:43:00Z,,,,,
46.0,Siskiyou,0.0,0.0,41.8721,-122.4571,2017-06-06T16:38:00Z,,,,,
45.0,Shasta,0.0,0.0,40.48712,-121.85645,2017-04-03T16:00:00Z,,,,,
44.0,Alameda,0.0,0.0,37.56181,-121.56425,2017-08-27T17:45:00Z,,,,,
43.0,Tehama,0.0,0.0,39.81517,-122.28165,2017-11-02T14:40:00Z,,,,,
43.0,Monterey,0.0,0.0,36.17297,-120.87609,2017-09-11T15:11:00Z,,,,,
42.0,Monterey,0.0,0.0,35.96275,-121.08753,2017-06-29T20:44:00Z,,,,,
42.0,Tehama,0.0,0.0,40.10282,-122.27379,2017-06-24T11:15:00Z,,,,,
42.0,Modoc,0.0,0.0,41.38247,-120.53443,2017-06-03T13:09:00Z,,,,,
41.0,Los Angeles,0.0,0.0,34.10446,-118.70294,2017-06-29T15:45:00Z,,,,,
41.0,Kern,0.0,0.0,35.05076,-118.90004,2017-05-14T14:00:00Z,,,,,
40.0,Riverside,0.0,0.0,33.96514,-117.4764,2017-12-04T12:26:00Z,,,,,
40.0,Riverside,0.0,0.0,33.90327,-116.50151,2017-11-14T16:11:00Z,,,,,
40.0,Shasta,0.0,0.0,40.70627,-122.24199,2017-10-08T04:53:00Z,,,,,
40.0,Kern,0.0,0.0,35.59302,-118.46734,2017-09-29T15:58:00Z,,,,,
40.0,Tehama,0.0,0.0,40.29831,-122.70449,2017-08-26T15:03:00Z,,,,,
40.0,Lake,0.0,0.0,38.86056,-122.62382,2017-07-17T14:44:00Z,,,,,
39.0,Tuolumne,0.0,0.0,37.896778,-120.504134,2017-09-19T00:22:00Z,,,,,
39.0,Yuba,0.0,0.0,39.06522,-121.3519,2017-07-24T14:56:00Z,,,,,
38.0,Marin,0.0,0.0,37.9775,-122.65749,2017-06-27T10:39:00Z,,,,,
38.0,Tuolumne,0.0,0.0,37.85137,-120.45268,2017-06-11T18:49:00Z,,,,,
36.0,Mariposa,0.0,0.0,37.65963,-120.34802,2017-07-07T15:50:00Z,,,,,
35.0,Riverside,0.0,0.0,33.74925,-117.10301,2017-09-29T18:01:00Z,,,,,
35.0,Marin,0.0,0.0,38.08055,-122.77846,2017-07-12T16:15:00Z,,,,,
35.0,Riverside,0.0,0.0,33.99316,-117.48405,2017-07-04T15:20:00Z,,,,,
35.0,Sacramento,0.0,0.0,38.45822,-120.92162,2017-06-27T07:39:00Z,,,,,
35.0,Kern,0.0,0.0,35.37351,-118.84134,2017-06-09T04:53:00Z,,,,,
35.0,Riverside,0.0,0.0,33.96419,-117.20507,2017-05-21T16:12:00Z,,,,,
34.0,San Bernardino,0.0,0.0,34.21829,-117.40625,2017-12-05T13:28:00Z,,,,,
34.0,Riverside,0.0,0.0,33.73547,-117.33364,2017-09-10T13:49:00Z,,,,,
34.0,Humboldt,0.0,0.0,40.03697,-123.64214,2017-08-31T13:57:00Z,,,,,
34.0,San Benito,0.0,0.0,36.85596,-121.30983,2017-07-04T13:21:00Z,,,,,
33.0,Riverside,0.0,0.0,33.763304,-117.314994,2017-07-07T12:56:00Z,,,,,
33.0,Riverside,0.0,0.0,33.584036,-116.972036,2017-06-13T12:00:00Z,,,,,
33.0,Kern,0.0,0.0,35.60633,-118.4642,2017-06-04T22:11:00Z,,,,,
32.0,Riverside,0.0,0.0,33.62613,-117.07975,2017-07-13T10:28:00Z,,,,,
32.0,Monterey,0.0,0.0,35.90092,-120.93371,2017-06-16T15:49:00Z,,,,,
32.0,Monterey,0.0,0.0,35.902149,-120.983684,2017-06-11T18:12:00Z,,,,,
31.0,Monterey,0.0,0.0,36.5858,-121.80377,2017-10-15T14:55:00Z,,,,,
31.0,Fresno,0.0,0.0,36.099681,-120.443545,2017-08-23T13:28:00Z,,,,,
31.0,Kern,0.0,0.0,35.60001,-118.4683,2017-05-12T05:05:00Z,,,,,
30.0,Humboldt,0.0,0.0,40.27582,-123.64281,2017-08-03T16:41:00Z,,,,,
30.0,Riverside,0.0,0.0,33.96896,-117.25411,2017-07-03T19:31:00Z,,,,,
29.0,Tehama,0.0,0.0,40.29118,-122.42606,2017-07-08T18:58:00Z,,,,,
28.0,Butte,0.0,0.0,39.8255,-121.7127,2017-09-25T11:03:00Z,,,,,
28.0,Modoc,0.0,0.0,41.4844,-120.36659,2017-08-30T11:38:00Z,,,,,
28.0,Del Norte,0.0,0.0,41.93323,-124.19629,2017-06-26T21:30:00Z,,,,,
28.0,Riverside,0.0,0.0,33.79925,-117.11659,2017-06-15T15:51:00Z,,,,,
27.0,Modoc,0.0,0.0,41.64469,-120.31814,2017-08-30T14:50:00Z,,,,,
27.0,Riverside,0.0,0.0,33.82165,-116.96079,2017-06-03T12:09:00Z,,,,,
26.0,Yuba,0.0,0.0,39.03168,-121.40947,2017-09-26T15:20:00Z,,,,,
26.0,Riverside,0.0,0.0,33.71025,-117.31924,2017-06-18T16:03:00Z,,,,,
26.0,Riverside,0.0,0.0,33.94788,-116.59719,2017-06-01T16:12:00Z,,,,,
25.0,San Luis Obispo,0.0,0.0,35.76343,-121.04445,2017-09-23T15:40:00Z,,,,,
25.0,Shasta,0.0,0.0,40.71923,-122.02525,2017-09-01T11:21:00Z,,,,,
25.0,Madera,0.0,0.0,37.02081,-119.95136,2017-06-18T14:04:00Z,,,,,
25.0,Los Angeles,0.0,0.0,34.29931,-118.37539,2017-06-03T15:39:00Z,,,,,
23.0,Riverside,0.0,0.0,33.50488,-117.02132,2017-10-10T14:57:00Z,,,,,
22.0,Calaveras,0.0,0.0,38.20176,-120.67848,2017-07-05T16:56:00Z,,,,,
22.0,Napa,0.0,0.0,38.68347,-122.2654,2017-06-13T10:18:00Z,,,,,
21.0,San Luis Obispo,0.0,0.0,35.41112,-120.00353,2017-10-20T12:13:00Z,,,,,
21.0,Lake,0.0,0.0,39.01748,-122.49327,2017-09-05T14:55:00Z,,,,,
21.0,Tulare,0.0,0.0,36.10858,-118.81979,2017-07-05T08:24:00Z,,,,,
21.0,Butte,0.0,0.0,39.364,-121.4143,2017-06-22T09:49:00Z,,,,,
21.0,San Benito,0.0,0.0,36.35578,-120.99552,2017-05-22T04:50:00Z,,,,,
20.0,Humboldt,0.0,0.0,40.88516,-123.96844,2017-10-08T16:40:00Z,,,,,
20.0,Sonoma,0.0,0.0,38.51937,-123.24713,2017-10-07T20:00:00Z,,,,,
20.0,Tehama,0.0,0.0,40.20077,-122.24731,2017-10-03T16:22:00Z,,,,,
20.0,Tuolumne,0.0,0.0,37.65986,-120.31157,2017-08-01T16:33:00Z,,,,,
20.0,Mendocino,0.0,0.0,39.13207,-123.10227,2017-07-17T12:37:00Z,,,,,
20.0,Riverside,0.0,0.0,33.52584,-116.85226,2017-06-13T17:21:00Z,,,,,
20.0,Contra Costa,0.0,0.0,37.86549,-122.2102,2017-06-05T13:17:00Z,,,,,
20.0,Kings,0.0,0.0,35.983,-119.91508,2017-05-18T12:54:00Z,,,,,
20.0,Monterey,0.0,0.0,35.77082,-120.92482,2017-05-14T12:00:00Z,,,,,
19.0,Riverside,0.0,0.0,33.88994,-116.91023,2017-12-13T15:27:00Z,,,,,
19.0,Nevada,0.0,0.0,39.06414,-121.13737,2017-10-10T12:30:00Z,,,,,
19.0,Riverside,0.0,0.0,33.797216,-117.124538,2017-08-13T13:34:00Z,,,,,
19.0,Stanislaus,0.0,0.0,37.81827,-120.65764,2017-07-18T22:39:00Z,,,,,
19.0,Siskiyou,0.0,0.0,40.703775,-122.645079,2017-06-26T12:30:00Z,,,,,
19.0,Kern,0.0,0.0,35.71704,-118.30601,2017-05-01T12:44:00Z,,,,,
18.0,Sonoma,0.0,0.0,38.26294,-122.71998,2017-08-27T13:30:00Z,,,,,
18.0,Butte,0.0,0.0,39.53944,-121.54722,2017-07-04T15:45:00Z,,,,,
18.0,Fresno,0.0,0.0,36.61332,-120.7109,2017-05-28T16:16:00Z,,,,,
18.0,Monterey,0.0,0.0,36.1727,-120.86682,2017-05-16T16:10:00Z,,,,,
17.0,Mariposa,0.0,0.0,37.41231,-119.87465,2017-10-03T11:44:00Z,,,,,
17.0,Shasta,0.0,0.0,40.92602,-121.5935,2017-08-17T14:15:00Z,,,,,
17.0,Shasta,0.0,0.0,40.69259,-122.17384,2017-07-29T17:29:00Z,,,,,
17.0,San Luis Obispo,0.0,0.0,35.556667,-120.474,2017-05-20T13:11:00Z,,,,,
17.0,Monterey,0.0,0.0,36.2771,-120.94328,2017-05-17T15:18:00Z,,,,,
17.0,Riverside,0.0,0.0,33.88466,-116.99229,2017-05-14T12:51:00Z,,,,,
16.0,Kern,0.0,0.0,35.188,-119.2877,2017-06-02T18:55:00Z,,,,,
16.0,San Bernardino,0.0,0.0,34.04412,-116.55326,2017-05-29T01:20:00Z,,,,,
16.0,Fresno,0.0,0.0,36.96642,-119.58292,2017-05-28T07:49:00Z,,,,,
15.0,Tehama,0.0,0.0,39.87983,-122.5415,2017-08-10T17:24:00Z,,,,,
15.0,Nevada,0.0,0.0,39.16826,-120.95498,2017-07-27T14:49:00Z,,,,,
15.0,Modoc,0.0,0.0,41.45589,-120.56933,2017-07-17T13:38:00Z,,,,,
15.0,Monterey,0.0,0.0,35.947,-120.87492,2017-06-28T09:30:00Z,,,,,
15.0,Calaveras,0.0,0.0,38.19906,-120.83484,2017-05-28T15:30:00Z,,,,,
15.0,Riverside,0.0,0.0,33.56777,-116.08003,2017-04-13T02:30:00Z,,,,,
14.0,Santa Barbara,0.0,0.0,34.71796,-120.27077,2017-12-16T12:21:00Z,,,,,
14.0,Santa Barbara,0.0,0.0,34.605358,-120.414875,2017-12-14T12:59:00Z,,,,,
14.0,Butte,0.0,0.0,39.8629,-121.6268,2017-07-02T13:43:00Z,,,,,
14.0,Monterey,0.0,0.0,35.80375,-120.52508,2017-06-09T16:15:00Z,,,,,
14.0,Riverside,0.0,0.0,33.97155,-117.44148,2017-05-18T17:25:00Z,,,,,
13.0,Stanislaus,0.0,0.0,37.89532,-120.84748,2017-10-18T12:53:00Z,,,,,
13.0,El Dorado,0.0,0.0,38.69775,-120.73757,2017-07-25T14:13:00Z,,,,,
13.0,El Dorado,0.0,0.0,38.67474,-121.06088,2017-07-12T13:51:00Z,,,,,
12.0,Butte,0.0,0.0,39.44257,-121.60683,2017-09-12T17:24:00Z,,,,,
12.0,San Luis Obispo,0.0,0.0,35.6879,-120.3317,2017-05-07T16:41:00Z,,,,,
12.0,Riverside,0.0,0.0,33.7866,-117.5048,2017-04-30T19:43:00Z,,,,,
12.0,Merced,0.0,0.0,37.21812,-121.07761,1969-12-31T16:00:00Z,,,,,
11.0,Sonoma,0.0,0.0,38.70289,-122.90217,2017-07-31T23:17:00Z,,,,,
11.0,Riverside,0.0,0.0,33.913089,-117.096233,2017-07-02T13:04:00Z,,,,,
10.0,Tehama,0.0,0.0,40.24789,-122.255,2017-10-08T12:15:00Z,,,,,
10.0,Mariposa,0.0,0.0,37.76888,-120.15846,2017-09-20T14:53:00Z,,,,,
10.0,Fresno,0.0,0.0,37.10067,-119.32109,2017-09-11T10:00:00Z,,,,,
10.0,Amador,0.0,0.0,38.34421,-120.72274,2017-08-28T17:06:00Z,,,,,
10.0,Nevada,0.0,0.0,39.36902,-120.97586,2017-07-21T16:50:00Z,,,,,
10.0,Shasta,0.0,0.0,40.48972,-122.38619,2017-07-15T18:10:00Z,,,,,
10.0,Riverside,0.0,0.0,33.77896,-117.24091,2017-07-13T14:14:00Z,,,,,
10.0,Butte,0.0,0.0,39.50475,-121.33785,2017-07-12T13:55:00Z,,,,,
10.0,Riverside,0.0,0.0,33.91806,-116.99321,2017-07-03T13:34:00Z,,,,,
10.0,Nevada,0.0,0.0,39.08382,-121.06656,2017-07-02T12:41:00Z,,,,,
10.0,Riverside,0.0,0.0,33.90965,-116.9669,2017-06-18T12:28:00Z,,,,,
10.0,Kern,0.0,0.0,35.564124,-118.796513,2017-06-05T14:02:00Z,,,,,
10.0,Riverside,0.0,0.0,33.87107,-116.88097,2017-06-04T16:48:00Z,,,,,
10.0,Yuba,0.0,0.0,39.23205,-121.376,2017-05-29T15:31:00Z,,,,,
10.0,Kern,0.0,0.0,34.87128,-118.35296,2017-05-28T10:59:00Z,,,,,
10.0,Riverside,0.0,0.0,33.94673,-117.17773,2017-05-23T13:13:00Z,,,,,
10.0,Monterey,0.0,0.0,36.44141,-121.34695,2017-04-24T12:06:00Z,,,,,
0.0,Sonoma,0.0,0.0,38.36685,-122.64001,2017-10-09T01:30:00Z,,,,,
0.0,Napa,0.0,0.0,38.31802,-122.39052,2017-10-08T23:48:00Z,,,,,
0.0,Butte,0.0,0.0,39.51158,-121.55633,2017-02-07T14:00:00Z,,,,,
410203.0,Colusa,1.0,3.0,39.243283,-123.103367,2018-07-27T12:05:00Z,,,,,
410203.0,Glenn,1.0,3.0,39.243283,-123.103367,2018-07-27T12:05:00Z,,,,,
410203.0,Lake,1.0,3.0,39.243283,-123.103367,2018-07-27T12:05:00Z,,,,,
410203.0,Mendocino,1.0,3.0,39.243283,-123.103367,2018-07-27T12:05:00Z,,,,,
229651.0,Shasta,3.0,0.0,40.65428,-122.62357,2018-07-23T13:15:00Z,,,,,
229651.0,Trinity,3.0,0.0,40.65428,-122.62357,2018-07-23T13:15:00Z,,,,,
153336.0,Butte,85.0,3.0,39.8134,-121.4347,2018-11-08T06:33:00Z,,,,,
96949.0,Los Angeles,3.0,0.0,34.235,-118.70128,2018-11-08T14:24:00Z,,,,,
96949.0,Ventura,3.0,0.0,34.235,-118.70128,2018-11-08T14:24:00Z,,,,,
90288.0,Napa,0.0,1.0,38.80583,-122.18183,2018-06-30T14:12:00Z,,,,,
90288.0,Yolo,0.0,1.0,38.80583,-122.18183,2018-06-30T14:12:00Z,,,,,
63311.0,Shasta,0.0,0.0,40.9425,-122.43,2018-09-05T12:51:00Z,,,,,
63311.0,Trinity,0.0,0.0,40.9425,-122.43,2018-09-05T12:51:00Z,,,,,
48920.0,Colusa,0.0,0.0,39.04786,-123.11971,2018-07-27T13:01:00Z,,,,,
48920.0,Lake,0.0,0.0,39.04786,-123.11971,2018-07-27T13:01:00Z,,,,,
48920.0,Mendocino,0.0,0.0,39.04786,-123.11971,2018-07-27T13:01:00Z,,,,,
38008.0,Siskiyou,1.0,3.0,41.893332,-122.534655,2018-07-05T12:31:00Z,,,,,
18703.0,Lassen,0.0,0.0,40.633536,-120.868091,2018-07-27T13:32:00Z,,,,,
15185.0,Lake,0.0,1.0,39.0674,-122.59848,2018-06-23T17:21:00Z,,,,,
12300.0,San Joaquin,0.0,0.0,38.052055,-120.945482,2018-06-29T15:11:00Z,,,,,
4564.0,Merced,0.0,0.0,37.39339,-120.34207,2018-06-15T10:34:00Z,,,,,
4531.0,Ventura,0.0,0.0,34.22685,-118.93444,2018-11-08T14:03:00Z,,,,,
3889.0,Tehama,0.0,0.0,40.22027778,-122.18,2018-10-07T12:51:00Z,,,,,
3716.0,Tehama,0.0,1.0,40.35068,-121.77867,2018-06-23T11:38:00Z,,,,,
2956.0,Tehama,0.0,0.0,39.94355,-122.3571,2018-06-09T14:10:00Z,,,,,
2950.0,Kern,0.0,0.0,35.37444,-118.83556,2018-08-03T14:48:00Z,,,,,
2490.0,Napa,0.0,0.0,38.69601,-122.44468,2018-09-08T14:29:00Z,,,,,
2290.0,Glenn,0.0,0.0,39.64978,-122.58218,2018-06-09T15:32:00Z,,,,,
2225.0,Monterey,0.0,0.0,35.847778,-120.343056,2018-08-06T12:59:00Z,,,,,
2162.0,Solano,0.0,0.0,38.431278,-122.043747,2018-08-10T16:57:00Z,,,,,
2070.0,Inyo,0.0,0.0,37.40208,-118.50235,2018-02-18T14:12:00Z,,,,,
1900.0,Shasta,0.0,0.0,40.99344,-121.52225,2018-08-09T14:34:00Z,,,,,
1756.0,Merced,0.0,0.0,36.85156,-120.77206,2018-05-02T16:00:00Z,,,,,
1678.0,Shasta,0.0,1.0,40.50318,-122.42308,2018-06-24T12:29:00Z,,,,,
1314.0,San Benito,0.0,0.0,36.40755,-120.99322,2018-06-04T17:01:00Z,,,,,
1265.0,Inyo,0.0,0.0,36.71537,-118.08449,2018-04-19T10:28:00Z,,,,,
1261.0,Riverside,0.0,0.0,33.62924,-117.05992,2018-05-17T14:19:00Z,,,,,
993.0,Kern,0.0,0.0,35.387408,-118.817934,2018-07-27T16:12:00Z,,,,,
962.0,Butte,0.0,0.0,39.77124,-121.76859,2018-07-12T22:45:00Z,,,,,
856.0,Tehama,0.0,0.0,40.33682,-121.93908,2018-07-09T18:30:00Z,,,,,
825.0,Amador,0.0,0.0,38.42623,-120.95408,2018-07-06T14:42:00Z,,,,,
822.0,Yolo,0.0,0.0,38.59694444,-121.9938889,2018-07-18T14:24:00Z,,,,,
700.0,Placer,0.0,0.0,38.82426,-121.451307,2018-08-01T13:11:00Z,,,,,
668.0,Tulare,0.0,0.0,35.79012,-118.7393,2018-08-15T17:14:00Z,,,,,
650.0,Monterey,0.0,0.0,36.00912,-120.82226,2018-08-11T14:12:00Z,,,,,
640.0,Alameda,0.0,0.0,37.75646,-121.60646,2018-07-08T17:38:00Z,,,,,
573.0,Tuolumne,0.0,0.0,37.83388,-120.61746,2018-09-08T13:34:00Z,,,,,
550.0,Butte,0.0,0.0,39.36529,-121.51707,2018-10-30T14:46:00Z,,,,,
513.0,San Benito,0.0,0.0,36.378333,-120.901167,2018-06-04T17:30:00Z,,,,,
484.0,Alameda,0.0,0.0,37.75375,-121.57918,2018-05-30T13:21:00Z,,,,,
441.0,Lassen,0.0,0.0,40.316137,-120.45053,2018-06-27T15:09:00Z,,,,,
400.0,Monterey,0.0,0.0,36.35502,-121.1563,2018-09-13T15:37:00Z,,,,,
375.0,Monterey,0.0,0.0,35.95515,-120.86256,2018-06-26T07:11:00Z,,,,,
360.0,Madera,0.0,0.0,37.38789,-119.68912,2018-09-22T15:44:00Z,,,,,
347.0,Butte,0.0,0.0,39.59872,-121.78208,2018-06-26T12:56:00Z,,,,,
328.0,Shasta,0.0,0.0,40.52909,-122.17457,2018-06-23T12:54:00Z,,,,,
320.0,Santa Clara,0.0,0.0,37.449425,-121.88807,2018-07-22T13:06:00Z,,,,,
316.0,El Dorado,0.0,0.0,38.539806,-121.059979,2018-07-04T17:09:00Z,,,,,
300.0,Trinity,0.0,0.0,40.60402,-122.9144,2018-06-28T18:01:00Z,,,,,
300.0,Madera,0.0,0.0,37.10181,-119.623981,2018-06-04T17:44:00Z,,,,,
290.0,Calaveras,0.0,0.0,38.061298,-120.872244,2018-08-06T16:26:00Z,,,,,
289.0,Madera,0.0,0.0,37.197039,-120.002619,2018-08-23T15:40:00Z,,,,,
282.0,Riverside,0.0,0.0,33.836101,-117.607577,2018-07-19T17:22:00Z,,,,,
278.0,San Benito,0.0,0.0,36.65351,-121.0454,2018-07-11T16:40:00Z,,,,,
268.0,Contra Costa,0.0,0.0,37.94714,-121.9921,2018-06-29T16:06:00Z,,,,,
268.0,Tehama,0.0,0.0,40.18395,-122.27574,2018-06-23T12:52:00Z,,,,,
260.0,San Luis Obispo,0.0,0.0,35.33916,-120.71488,2018-06-26T11:16:00Z,,,,,
247.0,Contra Costa,0.0,1.0,37.89612,-121.85847,2018-07-25T14:41:00Z,,,,,
224.0,Siskiyou,0.0,0.0,41.70877,-122.47293,2018-07-15T09:58:00Z,,,,,
215.0,San Benito,0.0,0.0,36.37532,-120.862579,2018-06-12T15:06:00Z,,,,,
207.0,San Diego,0.0,0.0,33.41476,-117.24044,2018-07-28T15:14:00Z,,,,,
205.0,Riverside,0.0,0.0,33.571763,-116.500058,2018-07-26T10:12:00Z,,,,,
200.0,Kern,0.0,0.0,34.91482,-118.92485,2018-09-12T11:25:00Z,,,,,
200.0,Merced,0.0,0.0,37.33924,-120.24315,2018-06-07T18:04:00Z,,,,,
191.0,Butte,0.0,0.0,39.491737,-121.637759,2018-07-04T13:30:00Z,,,,,
186.0,Ventura,0.0,0.0,34.26734825,-118.6438159,2018-11-12T10:06:00Z,,,,,
185.0,Merced,0.0,0.0,37.05876,-121.176354,2018-06-17T15:09:00Z,,,,,
175.0,Orange,0.0,0.0,33.55132,-117.72044,2018-06-02T13:07:00Z,,,,,
167.0,Monterey,0.0,0.0,36.18401,-120.69955,2018-10-13T14:43:00Z,,,,,
167.0,Lassen,0.0,1.0,40.34822,-120.82497,2018-07-24T16:02:00Z,,,,,
163.0,Tuolumne,0.0,0.0,37.80785,-120.30187,2018-06-24T13:54:00Z,,,,,
155.0,Shasta,0.0,0.0,40.36888889,-122.8905556,2018-08-19T07:32:00Z,,,,,
155.0,Orange,0.0,0.0,33.787838,-117.746625,2018-06-11T17:04:00Z,,,,,
154.0,Riverside,0.0,0.0,33.925862,-117.654299,2018-06-12T14:22:00Z,,,,,
152.0,Marin,0.0,0.0,38.02447,-122.727,2018-09-10T19:00:00Z,,,,,
150.0,Ventura,0.0,0.0,34.30166667,-119.0991667,2018-11-15T01:39:00Z,,,,,
150.0,El Dorado,0.0,0.0,38.94388,-120.92611,2018-09-04T15:03:00Z,,,,,
136.0,Calaveras,0.0,0.0,38.08424,-120.46078,2018-08-05T04:19:00Z,,,,,
135.0,Napa,0.0,0.0,38.51943,-122.18353,2018-07-28T16:30:00Z,,,,,
128.0,Los Angeles,0.0,0.0,34.38039,-118.60441,2018-07-23T12:55:00Z,,,,,
127.0,Siskiyou,0.0,0.0,41.65935,-122.48556,2018-05-09T18:11:00Z,,,,,
120.0,Tulare,0.0,0.0,36.47766,-119.10433,2018-10-24T12:18:00Z,,,,,
116.0,San Benito,0.0,0.0,36.59036,-120.82355,2018-07-12T12:57:00Z,,,,,
116.0,Santa Clara,0.0,0.0,37.06367,-121.53586,2018-07-06T10:40:00Z,,,,,
115.0,Mariposa,0.0,0.0,37.707234,-120.199162,2018-06-18T12:30:00Z,,,,,
114.0,Kern,0.0,0.0,35.56888889,-118.8013889,2018-08-16T16:06:00Z,,,,,
113.0,Santa Barbara,0.0,0.0,34.463889,-119.831389,2018-07-06T20:40:00Z,,,,,
110.0,Santa Barbara,0.0,0.0,34.62412,-120.22298,2018-07-20T14:23:00Z,,,,,
108.0,Fresno,0.0,0.0,36.75581,-119.42172,2018-05-26T14:52:00Z,,,,,
106.0,Mendocino,0.0,0.0,38.8802,-123.0496,2018-08-01T15:53:00Z,,,,,
103.0,Lake,0.0,0.0,39.02017,-122.57496,2018-08-26T18:04:00Z,,,,,
103.0,Tehama,0.0,0.0,40.31759,-122.21032,2018-05-18T16:37:00Z,,,,,
100.0,Tulare,0.0,0.0,36.21634,-118.82989,2018-07-27T12:14:00Z,,,,,
100.0,San Luis Obispo,0.0,0.0,35.56922,-120.12441,2018-05-24T10:43:00Z,,,,,
95.0,Kern,0.0,0.0,35.1234,-118.72905,2018-06-29T17:53:00Z,,,,,
90.0,Mendocino,0.0,0.0,39.038859,-123.38493,2018-07-05T15:12:00Z,,,,,
89.0,Lassen,0.0,0.0,40.94666,-121.27049,2018-07-15T18:54:00Z,,,,,
88.0,Merced,0.0,0.0,37.056944,-121.01638,2018-05-20T13:07:00Z,,,,,
80.0,Lake,0.0,0.0,39.06715,-122.59789,2018-07-09T16:46:00Z,,,,,
80.0,Calaveras,0.0,0.0,37.95766,-120.68902,2018-06-24T15:28:00Z,,,,,
77.0,Santa Barbara,0.0,0.0,34.54305556,-120.3180556,2018-07-18T11:55:00Z,,,,,
76.0,Shasta,0.0,0.0,40.5939,-122.17173,2018-09-28T14:44:00Z,,,,,
76.0,Fresno,0.0,0.0,36.696879,-119.304499,2018-06-27T12:39:00Z,,,,,
75.0,Colusa,0.0,0.0,39.2976,-122.512012,2018-07-04T13:14:00Z,,,,,
75.0,Glenn,0.0,0.0,39.65578,-122.58666,2018-05-28T17:33:00Z,,,,,
73.0,Riverside,0.0,0.0,33.67815,-117.32281,2018-04-28T14:26:00Z,,,,,
70.0,Santa Clara,0.0,0.0,37.22545,-121.79189,2018-07-10T15:08:00Z,,,,,
70.0,Santa Clara,0.0,0.0,37.66074,-121.67144,2018-06-29T20:59:00Z,,,,,
70.0,Tehama,0.0,0.0,40.394073,-122.135924,2018-06-13T21:06:00Z,,,,,
70.0,Riverside,0.0,0.0,33.504964,-117.148204,2018-05-04T14:48:00Z,,,,,
68.0,Merced,0.0,0.0,37.08529,-121.09354,2018-06-24T16:11:00Z,,,,,
67.0,El Dorado,0.0,0.0,38.645,-120.874167,2018-08-01T13:57:00Z,,,,,
67.0,Mendocino,0.0,0.0,39.279833,-123.258319,2018-07-21T16:22:00Z,,,,,
66.0,El Dorado,0.0,0.0,38.82128,-121.03918,2018-08-01T14:40:00Z,,,,,
64.0,San Benito,0.0,0.0,36.64832,-121.03253,2018-06-04T23:17:00Z,,,,,
63.0,Shasta,0.0,0.0,40.741186,-122.649626,2018-07-20T13:26:00Z,,,,,
63.0,Riverside,0.0,0.0,33.56349,-116.732032,2018-07-04T14:20:00Z,,,,,
63.0,Stanislaus,0.0,0.0,37.32744,-121.10903,2018-05-29T12:58:00Z,,,,,
62.0,Kern,0.0,0.0,34.86022,-118.87881,2018-07-08T13:38:00Z,,,,,
62.0,San Joaquin,0.0,0.0,38.24033,-121.09199,2018-06-11T12:16:00Z,,,,,
60.0,Tehama,0.0,0.0,40.346652,-122.308479,2018-11-05T10:17:00Z,,,,,
60.0,Lake,0.0,0.0,38.8275,-122.3625,2018-08-30T15:44:00Z,,,,,
60.0,Madera,0.0,0.0,37.14663,-119.91223,2018-06-15T11:46:00Z,,,,,
60.0,San Luis Obispo,0.0,0.0,35.58354,-120.624135,2018-06-14T17:23:00Z,,,,,
60.0,San Luis Obispo,0.0,0.0,35.663607,-120.670311,2018-06-13T12:38:00Z,,,,,
60.0,Santa Barbara,0.0,0.0,34.74245,-120.18236,2018-05-17T12:53:00Z,,,,,
58.0,San Luis Obispo,0.0,0.0,35.17693,-120.48861,2018-10-19T14:10:00Z,,,,,
56.0,Lassen,0.0,0.0,40.95234,-121.21597,2018-07-15T11:55:00Z,,,,,
56.0,Contra Costa,0.0,0.0,37.79718,-121.85311,2018-07-08T16:45:00Z,,,,,
56.0,Madera,0.0,0.0,37.0979,-119.75307,2018-05-23T14:30:00Z,,,,,
53.0,Lassen,0.0,0.0,40.33642,-120.93005,2018-09-22T14:41:00Z,,,,,
53.0,Mariposa,0.0,0.0,37.47677,-119.84299,2018-06-15T13:37:00Z,,,,,
51.0,San Luis Obispo,0.0,0.0,35.30151,-120.64398,2018-09-16T08:34:00Z,,,,,
51.0,Shasta,0.0,0.0,40.824,-121.90215,2018-07-24T15:24:00Z,,,,,
51.0,Santa Clara,0.0,0.0,37.163594,-121.702547,2018-07-10T16:45:00Z,,,,,
50.0,Lake,0.0,0.0,38.91152,-122.86854,2018-07-21T14:40:00Z,,,,,
50.0,Tehama,0.0,0.0,40.27754,-122.11375,2018-07-15T17:15:00Z,,,,,
48.0,Alameda,0.0,0.0,37.69926,-122.02805,2018-08-26T14:23:00Z,,,,,
43.0,Butte,0.0,2.0,39.57202,-121.43131,2018-07-19T12:00:00Z,,,,,
40.0,Riverside,0.0,0.0,33.56921,-116.154398,2018-07-23T14:55:00Z,,,,,
40.0,Mariposa,0.0,0.0,37.28365,-119.97546,2018-07-19T13:07:00Z,,,,,
40.0,Contra Costa,0.0,0.0,37.779209,-121.908976,2018-06-19T15:19:00Z,,,,,
40.0,Butte,0.0,0.0,39.549167,-121.521111,2018-06-16T11:47:00Z,,,,,
39.0,San Benito,0.0,0.0,36.796,-121.40604,2018-07-25T14:11:00Z,,,,,
37.0,San Luis Obispo,0.0,0.0,35.64917,-120.71907,2018-07-21T15:01:00Z,,,,,
37.0,Siskiyou,0.0,0.0,41.58233,-122.33769,2018-06-03T16:14:00Z,,,,,
36.0,Lake,0.0,0.0,38.981389,-122.97222,2018-09-02T14:02:00Z,,,,,
36.0,Riverside,0.0,0.0,33.640051,-117.085354,2018-08-27T10:49:00Z,,,,,
35.0,Mendocino,0.0,0.0,39.62194,-123.28774,2018-11-08T11:58:00Z,,,,,
35.0,Riverside,0.0,0.0,33.759722,-117.460278,2018-08-06T14:19:00Z,,,,,
35.0,Shasta,0.0,0.0,40.95673,-121.6002,2018-07-29T16:22:00Z,,,,,
35.0,San Benito,0.0,0.0,36.83036,-121.36446,2018-06-03T15:09:00Z,,,,,
34.0,Kern,0.0,0.0,35.17156,-118.51651,2018-08-17T18:47:00Z,,,,,
34.0,Alameda,0.0,0.0,37.71173,-121.55604,2018-07-25T16:05:00Z,,,,,
33.0,Butte,0.0,0.0,39.84151,-121.62168,2018-09-24T00:41:00Z,,,,,
33.0,Tehama,0.0,0.0,40.00293,-122.44008,2018-07-14T20:40:00Z,,,,,
32.0,Riverside,0.0,0.0,33.97902,-117.20534,2018-08-25T11:58:00Z,,,,,
32.0,Lassen,0.0,0.0,41.08583,-121.05722,2018-07-15T16:45:00Z,,,,,
32.0,Lake,0.0,0.0,38.886518,-122.476381,2018-06-16T14:04:00Z,,,,,
31.0,Shasta,0.0,0.0,40.62693,-122.23449,2018-07-08T14:41:00Z,,,,,
30.0,Santa Clara,0.0,0.0,37.33563,-121.75815,2018-09-23T16:23:00Z,,,,,
30.0,Alameda,0.0,0.0,37.533026,-121.79733,2018-08-04T17:32:00Z,,,,,
30.0,Riverside,0.0,0.0,33.85852,-117.43521,2018-07-28T15:38:00Z,,,,,
30.0,San Luis Obispo,0.0,0.0,35.68539,-120.95157,2018-07-21T15:50:00Z,,,,,
30.0,Sacramento,0.0,0.0,38.595865,-121.17693,2018-06-29T15:46:00Z,,,,,
30.0,Fresno,0.0,0.0,35.92436,-119.94083,2018-04-12T14:30:00Z,,,,,
27.0,Siskiyou,0.0,0.0,41.791859,-122.513883,2018-05-19T13:04:00Z,,,,,
26.0,Tulare,0.0,0.0,35.826333,-118.9821,2018-05-18T11:00:00Z,,,,,
25.0,Contra Costa,0.0,0.0,38.015323,-121.998967,2018-06-16T15:10:00Z,,,,,
25.0,San Luis Obispo,0.0,0.0,35.71859,-120.64028,2018-05-29T13:11:00Z,,,,,
24.0,Lake,0.0,0.0,38.91842,-122.85276,2018-09-03T13:58:00Z,,,,,
23.0,Riverside,0.0,0.0,33.946896,-117.066643,2018-08-22T13:45:00Z,,,,,
23.0,Contra Costa,0.0,0.0,37.99113,-121.86473,2018-06-02T12:42:00Z,,,,,
23.0,Tehama,0.0,0.0,40.201826,-122.29388,2018-06-01T16:07:00Z,,,,,
22.0,Mariposa,0.0,0.0,37.69965,-120.0545,2018-08-04T13:57:00Z,,,,,
21.0,Riverside,0.0,0.0,33.86439,-117.48144,2018-04-09T18:18:00Z,,,,,
20.0,Contra Costa,0.0,0.0,37.81111,-121.7944,2018-11-15T13:31:00Z,,,,,
20.0,Alameda,0.0,0.0,37.61158,-121.94182,2018-11-14T14:56:00Z,,,,,
20.0,Santa Clara,0.0,0.0,37.07793,-121.600023,2018-07-25T16:14:00Z,,,,,
20.0,Alameda,0.0,0.0,37.627119,-121.806775,2018-06-17T15:56:00Z,,,,,
20.0,Riverside,0.0,0.0,33.524412,-116.821724,2018-06-14T17:02:00Z,,,,,
20.0,Butte,0.0,0.0,39.602703,-121.617698,2018-06-14T15:18:00Z,,,,,
18.0,Riverside,0.0,0.0,33.88744,-117.16232,2018-04-22T13:35:00Z,,,,,
17.0,Santa Cruz,0.0,0.0,37.0125,-122.046,2018-11-03T21:28:00Z,,,,,
17.0,Amador,0.0,0.0,38.265645,-120.892404,2018-06-17T13:58:00Z,,,,,
17.0,Riverside,0.0,0.0,33.742,-117.28189,2018-06-03T14:17:00Z,,,,,
16.0,Nevada,0.0,0.0,39.10494,-121.07039,2018-08-12T14:20:00Z,,,,,
16.0,Humboldt,0.0,0.0,41.34453,-123.85404,2018-07-15T16:14:00Z,,,,,
16.0,Santa Clara,0.0,0.0,37.21803,-121.76828,2018-05-27T17:05:00Z,,,,,
15.0,Siskiyou,0.0,0.0,41.94046,-122.43933,2018-10-10T21:50:00Z,,,,,
15.0,Riverside,0.0,0.0,33.467999,-117.003829,2018-05-04T18:53:00Z,,,,,
15.0,Riverside,0.0,0.0,33.711263,-116.164058,2018-04-15T04:38:00Z,,,,,
14.0,San Luis Obispo,0.0,0.0,35.70086,-120.97339,2018-07-17T11:13:00Z,,,,,
14.0,Lassen,0.0,0.0,39.99309,-120.02137,2018-07-14T15:00:00Z,,,,,
14.0,Yolo,0.0,0.0,38.64953,-122.01762,2018-06-01T13:31:00Z,,,,,
13.0,Fresno,0.0,0.0,36.10499,-120.55324,2018-06-02T09:55:00Z,,,,,
12.0,Shasta,0.0,0.0,40.49618,-122.51597,2018-10-14T06:45:00Z,,,,,
12.0,El Dorado,0.0,0.0,38.7448,-120.65672,2018-09-20T12:39:00Z,,,,,
12.0,San Bernardino,0.0,0.0,34.171786,-117.35606,2018-07-13T14:32:00Z,,,,,
12.0,Madera,0.0,0.0,37.22791,-119.50461,2018-07-10T17:31:00Z,,,,,
12.0,San Diego,0.0,0.0,33.40769,-117.22974,2018-06-05T13:45:00Z,,,,,
12.0,Siskiyou,0.0,0.0,41.64805,-122.98442,2018-06-04T15:08:00Z,,,,,
12.0,San Luis Obispo,0.0,0.0,35.75737,-120.91793,2018-06-03T16:11:00Z,,,,,
12.0,Napa,0.0,0.0,38.16303,-122.23059,2018-05-21T11:56:00Z,,,,,
12.0,Alameda,0.0,0.0,37.73835,-121.6039,2018-05-14T13:06:00Z,,,,,
11.0,Butte,0.0,0.0,39.66492,-121.51772,2018-07-10T12:42:00Z,,,,,
11.0,Madera,0.0,0.0,37.19817,-119.80414,2018-07-09T17:54:00Z,,,,,
11.0,Riverside,0.0,0.0,33.47413,-117.31468,2018-06-03T13:38:00Z,,,,,
11.0,Shasta,0.0,0.0,40.4635,-121.77419,2018-03-27T16:20:00Z,,,,,
10.0,Santa Cruz,0.0,0.0,37.12857,-122.12036,2018-11-16T11:01:00Z,,,,,
10.0,Humboldt,0.0,0.0,40.888785,-124.001849,2018-11-12T17:39:00Z,,,,,
10.0,Butte,0.0,0.0,39.93427,-121.54103,2018-10-15T11:57:00Z,,,,,
10.0,Riverside,0.0,0.0,33.627006,-117.171731,2018-08-19T15:55:00Z,,,,,
10.0,Napa,0.0,0.0,38.27229,-122.26389,2018-08-09T14:21:00Z,,,,,
10.0,Siskiyou,0.0,0.0,41.632373,-122.37985,2018-07-17T19:03:00Z,,,,,
10.0,Butte,0.0,0.0,39.6139,-121.954098,2018-06-29T11:44:00Z,,,,,
10.0,San Luis Obispo,0.0,0.0,35.05747,-120.39295,2018-06-21T16:45:00Z,,,,,
10.0,Monterey,0.0,0.0,35.77017,-120.57833,2018-06-19T16:06:00Z,,,,,
10.0,Tehama,0.0,0.0,39.80827,-122.3307,2018-06-03T08:55:00Z,,,,,
10.0,Riverside,0.0,0.0,33.45014,-117.22215,2018-06-02T15:53:00Z,,,,,
10.0,Riverside,0.0,0.0,33.53924,-116.10231,2018-05-28T07:23:00Z,,,,,
0.0,Butte,0.0,0.0,39.71217,-121.77385,2018-11-29T23:30:00Z,,,,,
1806.0,Ventura,0.0,0.0,34.282179,-118.803389,2019-10-30T07:45:14Z,,,,,
1300.0,Mariposa,0.0,0.0,37.536069,-120.177018,2019-08-16T14:11:02Z,,,,,
1011.0,Riverside,2.0,0.0,33.9925,-117.059167,2019-10-10T15:38:44Z,,,,,
605.0,Tehama,0.0,0.0,40.00171,-122.25421,2019-10-27T02:47:20Z,,,,,
494.0,Riverside,0.0,0.0,34.01778,-117.4625,2019-10-30T11:19:00Z,,,,,
355.0,Placer,0.0,0.0,38.838992,-121.325842,2019-11-25T12:39:44Z,,,,,
289.0,Monterey,0.0,0.0,35.79069,-120.73102,2019-10-09T06:52:14Z,,,,,
289.0,San Luis Obispo,0.0,0.0,35.79069,-120.73102,2019-10-09T06:52:14Z,,,,,
149.0,Mariposa,0.0,0.0,37.241427,-120.027731,2019-07-21T12:01:40Z,,,,,
137.0,Fresno,0.0,0.0,36.319291,-120.460189,2019-10-18T12:17:32Z,,,,,
107.0,Lassen,0.0,0.0,40.900458,-121.320838,2019-08-07T18:48:57Z,,,,,
75.0,Riverside,0.0,0.0,33.8615,-116.897333,2019-10-10T18:36:46Z,,,,,
35.0,Alameda,0.0,0.0,37.62782,-121.68598,2019-10-24T23:16:18Z,,,,,
35.0,Stanislaus,0.0,0.0,37.420988,-121.371276,2019-07-18T09:07:57Z,,,,,
30.0,Shasta,0.0,0.0,40.463936,-122.435492,2019-07-12T19:08:54Z,,,,,
27.0,Calaveras,0.0,0.0,38.115224,-120.78068,2019-07-18T18:31:00Z,,,,,
26.0,San Bernardino,0.0,0.0,34.202883,-116.4449,2019-08-03T17:22:51Z,,,,,
22.0,El Dorado,0.0,0.0,38.538467,-120.965105,2019-09-29T21:44:45Z,,,,,
22.0,Alameda,0.0,0.0,37.093243,-121.586846,2019-07-12T18:40:09Z,,,,,
15.0,Contra Costa,0.0,0.0,38.045866,-122.245186,2019-10-15T16:17:18Z,,,,,
12.0,Riverside,0.0,0.0,33.463991,-116.914799,2019-08-27T11:33:56Z,,,,,
10.0,Mendocino,0.0,0.0,39.613783,-123.458782,2019-10-04T18:38:09Z,,,,,
10.0,Santa Cruz,0.0,0.0,37.178353,-122.07743,2019-09-03T15:36:45Z,,,,,
77758.0,Sonoma,0.0,4.0,38.792458,-122.780053,2019-10-23T21:27:00Z,,,,,
9999.0,Ventura,0.0,0.0,34.302212,-118.997115,2019-10-31T20:58:28Z,,,,,
8838.0,Tehama,0.0,0.0,40.12,-122.64,2019-09-05T13:19:56Z,,,,,
5563.0,Mariposa,0.0,0.0,37.604638,-119.96606,2019-10-06T16:15:12Z,,,,,
2546.0,Monterey,0.0,0.0,36.28426,-120.94771,2019-06-26T09:18:22Z,,,,,
2534.0,Tehama,0.0,4.0,40.036379,-122.637837,2019-11-03T14:16:17Z,,,,,
2512.0,Yolo,0.0,2.0,38.88978,-122.23922,2019-06-08T14:50:00Z,,,,,
2422.0,Stanislaus,0.0,0.0,37.46577,-121.28312,2019-06-26T08:54:24Z,,,,,
1926.0,Riverside,0.0,3.0,33.528469,-117.273157,2019-09-04T16:43:36Z,,,,,
1764.0,San Luis Obispo,0.0,0.0,35.66318,-120.41128,2019-06-12T12:48:00Z,,,,,
1127.0,San Luis Obispo,0.0,0.0,35.343761,-119.913717,2019-06-05T10:49:00Z,,,,,
974.0,San Luis Obispo,0.0,0.0,35.63111111,-120.2691667,2019-07-08T16:44:08Z,,,,,
835.0,San Luis Obispo,0.0,0.0,35.30759,-119.96498,2019-05-29T17:10:00Z,,,,,
757.0,Contra Costa,0.0,0.0,37.908362,-121.872941,2019-08-03T03:16:00Z,,,,,
756.0,Tulare,0.0,0.0,36.40193,-119.030621,2019-08-31T15:31:59Z,,,,,
703.0,Mendocino,0.0,0.0,39.22431,-123.12887,2019-10-27T14:54:40Z,,,,,
604.0,Placer,0.0,0.0,38.751648,-121.432636,2019-09-20T15:02:08Z,,,,,
600.0,Shasta,0.0,3.0,40.715556,-122.241944,2019-08-22T11:02:09Z,,,,,
600.0,Stanislaus,0.0,0.0,37.25988,-121.09375,2019-06-07T16:55:00Z,,,,,
526.0,Napa,0.0,0.0,38.165873,-122.211671,2019-10-06T16:36:50Z,,,,,
525.0,Riverside,0.0,0.0,33.919507,-117.103765,2019-06-21T13:02:00Z,,,,,
496.0,Butte,0.0,0.0,39.45296,-121.412619,2019-09-07T15:06:00Z,,,,,
423.0,Mariposa,0.0,0.0,37.532028,-120.208019,2019-08-15T15:15:56Z,,,,,
350.0,Riverside,0.0,0.0,33.975405,-117.207068,2019-10-10T14:18:17Z,,,,,
328.0,Riverside,0.0,0.0,33.985972,-117.414111,2019-10-31T06:22:34Z,,,,,
316.0,Monterey,0.0,0.0,35.908333,-120.984167,2019-07-29T15:43:48Z,,,,,
300.0,Butte,0.0,0.0,39.622137,-121.693472,2019-09-28T17:48:10Z,,,,,
283.0,San Joaquin,0.0,0.0,37.63206,-121.538382,2019-07-03T15:34:12Z,,,,,
257.0,Tulare,0.0,0.0,36.18479,-118.99229,2019-06-02T16:12:00Z,,,,,
244.0,Mariposa,0.0,0.0,37.524378,-120.296551,2019-07-08T15:30:14Z,,,,,
225.0,Mendocino,0.0,3.0,39.005262,-123.195306,2019-08-12T17:10:00Z,,,,,
214.0,Riverside,0.0,0.0,33.911,-116.980528,2019-06-29T12:54:13Z,,,,,
213.0,Madera,0.0,0.0,37.016944,-119.934167,2019-07-15T18:19:31Z,,,,,
210.0,Merced,0.0,0.0,37.312877,-120.242411,2019-06-29T15:09:52Z,,,,,
210.0,Santa Clara,0.0,0.0,37.21638,-121.70768,2019-06-09T14:29:00Z,,,,,
202.0,Stanislaus,0.0,0.0,37.944751,-120.84372,2019-07-15T10:49:00Z,,,,,
190.0,Stanislaus,0.0,0.0,37.32585,-121.110146,2019-09-11T11:25:43Z,,,,,
190.0,Monterey,0.0,0.0,35.95191,-120.8092,2019-07-09T21:43:36Z,,,,,
183.0,Solano,0.0,0.0,38.158333,-122.118889,2019-07-24T12:28:45Z,,,,,
172.0,Kern,0.0,0.0,35.03855,-119.19454,2019-05-03T15:04:00Z,,,,,
167.0,San Benito,0.0,0.0,36.600167,-120.8405,2019-09-02T15:40:37Z,,,,,
161.0,Kings,0.0,0.0,35.81778,-120.09715,2019-04-28T22:20:00Z,,,,,
156.0,Shasta,0.0,0.0,40.484329,-122.159393,2019-08-15T15:09:55Z,,,,,
155.0,Tulare,0.0,0.0,36.28001,-119.10974,2019-06-01T15:49:00Z,,,,,
150.0,Contra Costa,0.0,0.0,38.03545,-122.2241,2019-10-27T11:29:03Z,,,,,
148.0,Placer,0.0,0.0,38.73817,-121.39419,2019-06-26T22:43:07Z,,,,,
144.0,Santa Clara,0.0,0.0,37.45899,-121.22093,2019-05-30T16:19:00Z,,,,,
139.0,Alameda,0.0,0.0,37.71734,-121.55867,2019-08-21T17:56:05Z,,,,,
131.0,Ventura,0.0,0.0,34.366111,-118.96,2019-07-14T11:45:00Z,,,,,
130.0,Mendocino,0.0,0.0,39.831762,-123.846013,2019-07-27T23:36:00Z,,,,,
130.0,Riverside,0.0,0.0,33.650237,-116.172534,2019-05-18T22:53:00Z,,,,,
128.0,Santa Clara,0.0,0.0,37.467744,-121.842751,2019-09-21T11:49:00Z,,,,,
121.0,Fresno,0.0,0.0,36.66909,-119.3046,2019-05-29T17:18:00Z,,,,,
120.0,San Diego,0.0,0.0,33.39684,-117.29665,2019-06-20T14:56:00Z,,,,,
120.0,San Luis Obispo,0.0,0.0,35.57376,-120.11738,2019-06-10T11:55:00Z,,,,,
105.0,Los Angeles,0.0,0.0,34.675542,-118.342239,2019-08-13T14:37:54Z,,,,,
98.0,Riverside,0.0,0.0,33.900994,-117.170588,2019-09-21T17:22:00Z,,,,,
96.0,Riverside,0.0,0.0,33.8128372,-117.1228851,2019-07-13T10:36:00Z,,,,,
95.0,San Luis Obispo,0.0,0.0,35.004722,-120.435278,2019-07-24T20:09:59Z,,,,,
94.0,Riverside,0.0,0.0,33.740219,-117.333728,2019-08-05T15:36:23Z,,,,,
90.0,San Joaquin,0.0,0.0,37.962557,-121.468074,2019-07-16T18:44:15Z,,,,,
90.0,Shasta,0.0,0.0,40.41404,-122.66779,2019-06-26T15:35:00Z,,,,,
85.0,El Dorado,0.0,2.0,38.898915,-120.946657,2019-09-03T14:57:31Z,,,,,
84.0,Sacramento,0.0,0.0,38.3525,-121.123611,2019-08-02T09:23:00Z,,,,,
83.0,Tuolumne,0.0,0.0,37.838333,-120.625556,2019-09-23T15:55:57Z,,,,,
81.0,Solano,0.0,0.0,38.455,-121.969167,2019-08-13T15:41:24Z,,,,,
81.0,San Bernardino,0.0,0.0,34.42386,-117.10318,2019-07-22T19:45:27Z,,,,,
81.0,Riverside,0.0,0.0,33.514658,-116.7884,2019-07-16T13:45:43Z,,,,,
80.0,Butte,0.0,0.0,39.551423,-121.800538,2019-10-24T14:43:10Z,,,,,
80.0,Riverside,0.0,0.0,33.77777348,-117.487578,2019-08-25T10:58:28Z,,,,,
80.0,Santa Clara,0.0,0.0,37.433192,-121.807258,2019-07-24T20:01:44Z,,,,,
80.0,Riverside,0.0,0.0,33.56938,-116.07896,2019-07-12T17:15:31Z,,,,,
80.0,Yuba,0.0,0.0,39.24678,-121.32399,2019-06-25T13:51:09Z,,,,,
80.0,Yuba,0.0,0.0,39.24678,-121.32399,2019-06-24T11:57:00Z,,,,,
75.0,Lake,0.0,0.0,39.100408,-122.496548,2019-11-05T06:52:14Z,,,,,
68.0,Tehama,0.0,0.0,39.847708,-122.1604,2019-10-09T08:31:40Z,,,,,
67.0,Marin,0.0,0.0,37.896231,-122.636471,2019-10-24T12:15:33Z,,,,,
67.0,Calaveras,0.0,0.0,38.20177,-120.827386,2019-09-22T18:25:56Z,,,,,
66.0,Monterey,0.0,0.0,35.906482,-120.992914,2019-09-01T16:35:55Z,,,,,
64.0,Napa,0.0,0.0,38.481258,-122.143942,2019-07-22T15:05:34Z,,,,,
63.0,Glenn,0.0,0.0,41.70611111,-123.4375,2019-10-04T12:03:48Z,,,,,
63.0,Tehama,0.0,0.0,39.98097,-122.30737,2019-05-20T10:57:00Z,,,,,
62.0,San Mateo,0.0,0.0,37.166674,-122.361112,2019-10-24T20:15:36Z,,,,,
60.0,Santa Clara,0.0,0.0,37.219717,-121.761974,2019-08-15T13:44:02Z,,,,,
58.0,Butte,0.0,0.0,39.470333,-121.412333,2019-09-06T15:18:52Z,,,,,
53.0,Lake,0.0,0.0,38.955024,-122.833831,2019-09-07T14:00:00Z,,,,,
50.0,Sacramento,0.0,0.0,38.622058,-121.114095,2019-08-02T14:45:00Z,,,,,
50.0,Napa,0.0,0.0,38.63047,-122.47282,2019-06-08T14:37:00Z,,,,,
50.0,Butte,0.0,0.0,39.85484,-121.905,2019-05-01T16:46:00Z,,,,,
47.0,Santa Clara,0.0,0.0,37.32555556,-121.7644444,2019-07-15T11:12:00Z,,,,,
47.0,Tulare,0.0,0.0,35.89593,-118.94106,2019-06-10T17:51:00Z,,,,,
46.0,Shasta,0.0,0.0,40.46968,-122.54364,2019-08-12T14:16:53Z,,,,,
46.0,Tehama,0.0,0.0,39.97083,-122.48277,2019-06-22T03:12:00Z,,,,,
45.0,Riverside,0.0,0.0,33.69078,-114.57265,2019-05-30T12:41:00Z,,,,,
44.0,San Joaquin,0.0,0.0,38.017138,-120.945044,2019-09-05T14:33:01Z,,,,,
43.0,Monterey,0.0,0.0,35.97059,-120.88241,2019-06-12T17:23:00Z,,,,,
42.0,Shasta,0.0,0.0,40.4988,-122.19911,2019-10-10T15:49:07Z,,,,,
38.0,Yuba,0.0,0.0,39.06066,-121.35014,2019-07-06T20:21:25Z,,,,,
35.0,Santa Clara,0.0,0.0,37.034183,-121.45597,2019-08-25T13:06:49Z,,,,,
35.0,El Dorado,0.0,0.0,38.652475,-120.826165,2019-08-15T17:47:43Z,,,,,
35.0,Santa Clara,0.0,0.0,37.44422,-121.84082,2019-06-10T15:16:00Z,,,,,
34.0,Riverside,0.0,0.0,33.854597,-117.270144,2019-09-12T20:30:41Z,,,,,
34.0,Riverside,0.0,0.0,33.4506,-116.857817,2019-08-22T19:31:10Z,,,,,
33.0,Tulare,0.0,0.0,36.23012,-118.85712,2019-06-03T12:18:00Z,,,,,
30.0,San Luis Obispo,0.0,0.0,35.709176,-120.312856,2019-10-11T12:30:19Z,,,,,
30.0,Shasta,0.0,0.0,40.55924,-122.25409,2019-08-04T17:18:21Z,,,,,
30.0,Shasta,0.0,0.0,40.41741,-122.767256,2019-07-05T14:46:33Z,,,,,
30.0,Humboldt,0.0,0.0,40.61805556,-123.6755556,2019-01-01T14:14:00Z,,,,,
29.0,Santa Clara,0.0,0.0,37.066483,-121.219163,2019-10-07T09:58:51.763Z,,,,,
28.0,Lake,0.0,0.0,38.910498,-122.642572,2019-09-04T16:26:00Z,,,,,
27.0,Placer,0.0,0.0,38.75263,-121.39259,2019-06-07T12:59:00Z,,,,,
26.0,Riverside,0.0,0.0,33.81678,-117.18194,2019-05-20T13:50:00Z,,,,,
25.0,Lake,0.0,0.0,38.88913,-122.604425,2019-10-17T20:06:00Z,,,,,
25.0,Fresno,0.0,0.0,36.154184,-120.634179,2019-09-30T17:39:00Z,,,,,
25.0,Alameda,0.0,0.0,37.469,-121.3697,2019-07-05T09:46:01.973Z,,,,,
25.0,Tulare,0.0,0.0,36.14246,-118.80582,2019-06-03T12:18:00Z,,,,,
24.0,Contra Costa,0.0,0.0,37.99837,-122.16201,2019-07-05T13:33:56Z,,,,,
23.0,Contra Costa,0.0,0.0,38.02503,-121.9763,2019-06-06T14:24:00Z,,,,,
21.0,Tuolumne,0.0,0.0,37.949747,-120.420058,2019-08-08T16:16:40Z,,,,,
20.0,Colusa,0.0,0.0,39.088333,-122.309167,2019-08-14T12:52:00Z,,,,,
20.0,Riverside,0.0,0.0,33.909792,-117.004667,2019-08-12T10:53:10Z,,,,,
20.0,Lake,0.0,0.0,38.99174,-122.7751,2019-08-08T14:55:59Z,,,,,
20.0,Riverside,0.0,0.0,33.69055556,-116.953889,2019-07-11T16:27:17Z,,,,,
20.0,Riverside,0.0,0.0,33.80493,-117.15738,2019-06-27T16:14:25Z,,,,,
19.0,Riverside,0.0,0.0,33.849906,-117.461363,2019-11-01T13:04:34Z,,,,,
19.0,Riverside,0.0,0.0,33.703546,-117.033598,2019-09-30T07:07:00Z,,,,,
19.0,Alameda,0.0,0.0,37.718636,-121.657011,2019-08-31T12:55:15Z,,,,,
18.0,Stanislaus,0.0,0.0,37.429506,-121.336465,2019-10-03T13:36:04Z,,,,,
17.0,San Benito,0.0,0.0,36.732866,-121.39478,2019-09-04T20:33:59Z,,,,,
17.0,Santa Clara,0.0,0.0,37.494136,-121.534827,2019-06-26T18:06:54Z,,,,,
17.0,Butte,0.0,0.0,39.76242,-121.73659,2019-06-15T15:29:00Z,,,,,
17.0,Siskiyou,0.0,0.0,41.64895,-122.35962,2019-06-14T16:14:00Z,,,,,
16.0,Shasta,0.0,0.0,40.612556,-122.039167,2019-09-24T08:40:45Z,,,,,
16.0,El Dorado,0.0,0.0,38.703889,-120.890556,2019-08-14T16:07:49Z,,,,,
15.0,Siskiyou,0.0,0.0,41.512917,-122.740333,2019-09-07T18:19:16Z,,,,,
15.0,San Bernardino,0.0,0.0,34.353667,-117.343833,2019-09-02T20:27:29Z,,,,,
13.0,El Dorado,0.0,0.0,38.757636,-120.75664,2019-07-30T19:27:46Z,,,,,
12.0,Alameda,0.0,0.0,37.606,-121.853,2019-10-08T17:25:12Z,,,,,
12.0,Butte,0.0,0.0,39.32889,-121.23431,2019-06-29T22:07:59Z,,,,,
11.0,San Bernardino,0.0,0.0,34.033117,-117.21545,2019-10-21T08:16:33Z,,,,,
11.0,Tehama,0.0,0.0,40.314187,-122.070055,2019-10-07T11:03:29.963Z,,,,,
11.0,Stanislaus,0.0,0.0,37.492002,-120.401028,2019-09-13T20:00:29Z,,,,,
11.0,Alameda,0.0,0.0,37.545167,-121.596667,2019-09-02T14:36:35Z,,,,,
10.0,Tehama,0.0,0.0,39.847708,-122.160416,2019-10-09T09:52:52.477Z,,,,,
10.0,Amador,0.0,1.0,38.332083,-120.67131,2019-09-25T13:13:41Z,,,,,
10.0,Riverside,0.0,0.0,33.496633,-116.631106,2019-09-10T10:43:58Z,,,,,
10.0,Butte,0.0,0.0,39.423833,-121.579738,2019-07-23T14:41:00Z,,,,,
10.0,Siskiyou,0.0,0.0,41.94622,-122.40157,2019-06-16T20:33:00Z,,,,,
10.0,Butte,0.0,0.0,39.83958,-121.957,2019-04-30T12:20:00Z,,,,,
9.0,Riverside,0.0,0.0,33.827979,-117.499619,2019-10-10T12:08:00Z,,,,,
2.0,Nevada,0.0,0.0,39.40972222,-121.0005556,2019-06-28T15:03:04Z,,,,,
